"","EXPSAMPLE_ACCESSION","DESCRIPTION","EXPERIMENT_ACCESSION","NAME","RESULT_SCHEMA","UPLOAD_RESULT_STATUS","WORKSPACE_ID"
"1","ES769620",NA,"EXP13595",NA,"OTHER","Not_Parsed",2799
"2","ES769621",NA,"EXP13595",NA,"OTHER","Not_Parsed",2799
"3","ES769622",NA,"EXP13595",NA,"OTHER","Not_Parsed",2799
"4","ES769623",NA,"EXP13595",NA,"OTHER","Not_Parsed",2799
"5","ES769624",NA,"EXP13595",NA,"OTHER","Not_Parsed",2799
"6","ES769625",NA,"EXP13595",NA,"OTHER","Not_Parsed",2799
"7","ES769626",NA,"EXP13595",NA,"OTHER","Not_Parsed",2799
"8","ES769627",NA,"EXP13595",NA,"OTHER","Not_Parsed",2799
"9","ES769628",NA,"EXP13595",NA,"OTHER","Not_Parsed",2799
"10","ES769629",NA,"EXP13595",NA,"OTHER","Not_Parsed",2799
"11","ES769630",NA,"EXP13595",NA,"OTHER","Not_Parsed",2799
"12","ES769631",NA,"EXP13595",NA,"OTHER","Not_Parsed",2799
"13","ES769632",NA,"EXP13595",NA,"OTHER","Not_Parsed",2799
"14","ES769633",NA,"EXP13595",NA,"OTHER","Not_Parsed",2799
"15","ES769634",NA,"EXP13595",NA,"OTHER","Not_Parsed",2799
"16","ES769635",NA,"EXP13595",NA,"OTHER","Not_Parsed",2799
"17","ES769636",NA,"EXP13595",NA,"OTHER","Not_Parsed",2799
"18","ES769637",NA,"EXP13595",NA,"OTHER","Not_Parsed",2799
"19","ES769638",NA,"EXP13595",NA,"OTHER","Not_Parsed",2799
"20","ES769639",NA,"EXP13595",NA,"OTHER","Not_Parsed",2799
"21","ES769640",NA,"EXP13595",NA,"OTHER","Not_Parsed",2799
"22","ES769641",NA,"EXP13595",NA,"OTHER","Not_Parsed",2799
"23","ES769642",NA,"EXP13595",NA,"OTHER","Not_Parsed",2799
"24","ES769643",NA,"EXP13595",NA,"OTHER","Not_Parsed",2799
"25","ES769644",NA,"EXP13595",NA,"OTHER","Not_Parsed",2799
"26","ES769645",NA,"EXP13595",NA,"OTHER","Not_Parsed",2799
"27","ES769646",NA,"EXP13595",NA,"OTHER","Not_Parsed",2799
"28","ES769647",NA,"EXP13595",NA,"OTHER","Not_Parsed",2799
"29","ES769648",NA,"EXP13595",NA,"OTHER","Not_Parsed",2799
"30","ES769649",NA,"EXP13595",NA,"OTHER","Not_Parsed",2799
"31","ES769650",NA,"EXP13595",NA,"OTHER","Not_Parsed",2799
"32","ES769651",NA,"EXP13595",NA,"OTHER","Not_Parsed",2799
"33","ES769652",NA,"EXP13595",NA,"OTHER","Not_Parsed",2799
"34","ES769653",NA,"EXP13595",NA,"OTHER","Not_Parsed",2799
"35","ES769654",NA,"EXP13595",NA,"OTHER","Not_Parsed",2799
"36","ES769655",NA,"EXP13595",NA,"OTHER","Not_Parsed",2799
"37","ES769656",NA,"EXP13595",NA,"OTHER","Not_Parsed",2799
"38","ES769657",NA,"EXP13595",NA,"OTHER","Not_Parsed",2799
"39","ES769658",NA,"EXP13595",NA,"OTHER","Not_Parsed",2799
"40","ES769659",NA,"EXP13595",NA,"OTHER","Not_Parsed",2799
"41","ES769660",NA,"EXP13595",NA,"OTHER","Not_Parsed",2799
"42","ES769661",NA,"EXP13595",NA,"OTHER","Not_Parsed",2799
"43","ES769662",NA,"EXP13595",NA,"OTHER","Not_Parsed",2799
"44","ES769663",NA,"EXP13595",NA,"OTHER","Not_Parsed",2799
"45","ES769664",NA,"EXP13595",NA,"OTHER","Not_Parsed",2799
"46","ES769665",NA,"EXP13595",NA,"OTHER","Not_Parsed",2799
"47","ES769666",NA,"EXP13595",NA,"OTHER","Not_Parsed",2799
"48","ES769667",NA,"EXP13595",NA,"OTHER","Not_Parsed",2799
"49","ES769668",NA,"EXP13595",NA,"OTHER","Not_Parsed",2799
"50","ES769669",NA,"EXP13595",NA,"OTHER","Not_Parsed",2799
"51","ES769670",NA,"EXP13595",NA,"OTHER","Not_Parsed",2799
"52","ES769671",NA,"EXP13595",NA,"OTHER","Not_Parsed",2799
"53","ES769672",NA,"EXP13595",NA,"OTHER","Not_Parsed",2799
"54","ES769673",NA,"EXP13595",NA,"OTHER","Not_Parsed",2799
"55","ES769674",NA,"EXP13595",NA,"OTHER","Not_Parsed",2799
"56","ES769675",NA,"EXP13595",NA,"OTHER","Not_Parsed",2799
"57","ES769676",NA,"EXP13595",NA,"OTHER","Not_Parsed",2799
"58","ES769677",NA,"EXP13595",NA,"OTHER","Not_Parsed",2799
"59","ES769678",NA,"EXP13595",NA,"OTHER","Not_Parsed",2799
"60","ES769679",NA,"EXP13595",NA,"OTHER","Not_Parsed",2799
"61","ES769680",NA,"EXP13595",NA,"OTHER","Not_Parsed",2799
"62","ES769681",NA,"EXP13595",NA,"OTHER","Not_Parsed",2799
"63","ES769682",NA,"EXP13595",NA,"OTHER","Not_Parsed",2799
"64","ES769683",NA,"EXP13595",NA,"OTHER","Not_Parsed",2799
"65","ES769684",NA,"EXP13595",NA,"OTHER","Not_Parsed",2799
"66","ES769685",NA,"EXP13595",NA,"OTHER","Not_Parsed",2799
"67","ES769686",NA,"EXP13595",NA,"OTHER","Not_Parsed",2799
"68","ES769687",NA,"EXP13595",NA,"OTHER","Not_Parsed",2799
"69","ES769688",NA,"EXP13595",NA,"OTHER","Not_Parsed",2799
"70","ES769689",NA,"EXP13595",NA,"OTHER","Not_Parsed",2799
"71","ES769690",NA,"EXP13595",NA,"OTHER","Not_Parsed",2799
"72","ES769691",NA,"EXP13595",NA,"OTHER","Not_Parsed",2799
"73","ES769692",NA,"EXP13595",NA,"OTHER","Not_Parsed",2799
"74","ES769693",NA,"EXP13595",NA,"OTHER","Not_Parsed",2799
"75","ES769694",NA,"EXP13595",NA,"OTHER","Not_Parsed",2799
"76","ES769695",NA,"EXP13595",NA,"OTHER","Not_Parsed",2799
"77","ES769696",NA,"EXP13595",NA,"OTHER","Not_Parsed",2799
"78","ES769697",NA,"EXP13595",NA,"OTHER","Not_Parsed",2799
"79","ES769698",NA,"EXP13595",NA,"OTHER","Not_Parsed",2799
"80","ES769699",NA,"EXP13595",NA,"OTHER","Not_Parsed",2799
"81","ES769700",NA,"EXP13595",NA,"OTHER","Not_Parsed",2799
"82","ES769701",NA,"EXP13595",NA,"OTHER","Not_Parsed",2799
"83","ES769702",NA,"EXP13595",NA,"OTHER","Not_Parsed",2799
"84","ES769703",NA,"EXP13595",NA,"OTHER","Not_Parsed",2799
"85","ES769704",NA,"EXP13595",NA,"OTHER","Not_Parsed",2799
"86","ES769705",NA,"EXP13595",NA,"OTHER","Not_Parsed",2799
"87","ES769706",NA,"EXP13595",NA,"OTHER","Not_Parsed",2799
"88","ES769707",NA,"EXP13595",NA,"OTHER","Not_Parsed",2799
"89","ES769708",NA,"EXP13595",NA,"OTHER","Not_Parsed",2799
"90","ES769709",NA,"EXP13595",NA,"OTHER","Not_Parsed",2799
"91","ES769710",NA,"EXP13595",NA,"OTHER","Not_Parsed",2799
"92","ES769711",NA,"EXP13595",NA,"OTHER","Not_Parsed",2799
"93","ES769712",NA,"EXP13595",NA,"OTHER","Not_Parsed",2799
"94","ES769713",NA,"EXP13595",NA,"OTHER","Not_Parsed",2799
"95","ES769714",NA,"EXP13595",NA,"OTHER","Not_Parsed",2799
"96","ES769715",NA,"EXP13595",NA,"OTHER","Not_Parsed",2799
"97","ES769716",NA,"EXP13595",NA,"OTHER","Not_Parsed",2799
"98","ES769717",NA,"EXP13595",NA,"OTHER","Not_Parsed",2799
"99","ES769718",NA,"EXP13595",NA,"OTHER","Not_Parsed",2799
"100","ES769719",NA,"EXP13595",NA,"OTHER","Not_Parsed",2799
"101","ES769720",NA,"EXP13595",NA,"OTHER","Not_Parsed",2799
"102","ES769721",NA,"EXP13595",NA,"OTHER","Not_Parsed",2799
"103","ES769722",NA,"EXP13595",NA,"OTHER","Not_Parsed",2799
"104","ES769723",NA,"EXP13595",NA,"OTHER","Not_Parsed",2799
"105","ES769724",NA,"EXP13595",NA,"OTHER","Not_Parsed",2799
"106","ES769725",NA,"EXP13595",NA,"OTHER","Not_Parsed",2799
"107","ES769726",NA,"EXP13595",NA,"OTHER","Not_Parsed",2799
"108","ES769727",NA,"EXP13595",NA,"OTHER","Not_Parsed",2799
"109","ES769728",NA,"EXP13595",NA,"OTHER","Not_Parsed",2799
"110","ES769729",NA,"EXP13595",NA,"OTHER","Not_Parsed",2799
"111","ES769730",NA,"EXP13595",NA,"OTHER","Not_Parsed",2799
"112","ES769731",NA,"EXP13595",NA,"OTHER","Not_Parsed",2799
"113","ES769732",NA,"EXP13595",NA,"OTHER","Not_Parsed",2799
"114","ES769733",NA,"EXP13595",NA,"OTHER","Not_Parsed",2799
"115","ES769734",NA,"EXP13595",NA,"OTHER","Not_Parsed",2799
"116","ES769735",NA,"EXP13595",NA,"OTHER","Not_Parsed",2799
"117","ES769736",NA,"EXP13595",NA,"OTHER","Not_Parsed",2799
"118","ES769737",NA,"EXP13595",NA,"OTHER","Not_Parsed",2799
"119","ES769738",NA,"EXP13595",NA,"OTHER","Not_Parsed",2799
"120","ES769739",NA,"EXP13595",NA,"OTHER","Not_Parsed",2799
"121","ES769740",NA,"EXP13595",NA,"OTHER","Not_Parsed",2799
"122","ES769741",NA,"EXP13595",NA,"OTHER","Not_Parsed",2799
"123","ES769742",NA,"EXP13595",NA,"OTHER","Not_Parsed",2799
"124","ES769743",NA,"EXP13595",NA,"OTHER","Not_Parsed",2799
"125","ES769744",NA,"EXP13595",NA,"OTHER","Not_Parsed",2799
"126","ES769745",NA,"EXP13595",NA,"OTHER","Not_Parsed",2799
"127","ES769746",NA,"EXP13595",NA,"OTHER","Not_Parsed",2799
"128","ES769747",NA,"EXP13595",NA,"OTHER","Not_Parsed",2799
"129","ES769748",NA,"EXP13595",NA,"OTHER","Not_Parsed",2799
"130","ES769749",NA,"EXP13595",NA,"OTHER","Not_Parsed",2799
"131","ES769750",NA,"EXP13595",NA,"OTHER","Not_Parsed",2799
"132","ES769751",NA,"EXP13595",NA,"OTHER","Not_Parsed",2799
"133","ES769752",NA,"EXP13595",NA,"OTHER","Not_Parsed",2799
"134","ES769753",NA,"EXP13595",NA,"OTHER","Not_Parsed",2799
"135","ES769754",NA,"EXP13595",NA,"OTHER","Not_Parsed",2799
"136","ES769755",NA,"EXP13595",NA,"OTHER","Not_Parsed",2799
"137","ES769756",NA,"EXP13595",NA,"OTHER","Not_Parsed",2799
"138","ES769757",NA,"EXP13595",NA,"OTHER","Not_Parsed",2799
"139","ES769758",NA,"EXP13595",NA,"OTHER","Not_Parsed",2799
"140","ES769759",NA,"EXP13595",NA,"OTHER","Not_Parsed",2799
"141","ES769760",NA,"EXP13595",NA,"OTHER","Not_Parsed",2799
"142","ES769761",NA,"EXP13595",NA,"OTHER","Not_Parsed",2799
"143","ES769762",NA,"EXP13595",NA,"OTHER","Not_Parsed",2799
"144","ES769763",NA,"EXP13595",NA,"OTHER","Not_Parsed",2799
"145","ES769764",NA,"EXP13595",NA,"OTHER","Not_Parsed",2799
"146","ES769765",NA,"EXP13595",NA,"OTHER","Not_Parsed",2799
"147","ES769766",NA,"EXP13595",NA,"OTHER","Not_Parsed",2799
"148","ES769767",NA,"EXP13595",NA,"OTHER","Not_Parsed",2799
"149","ES769768",NA,"EXP13595",NA,"OTHER","Not_Parsed",2799
"150","ES769769",NA,"EXP13595",NA,"OTHER","Not_Parsed",2799
"151","ES769770",NA,"EXP13595",NA,"OTHER","Not_Parsed",2799
"152","ES769771",NA,"EXP13595",NA,"OTHER","Not_Parsed",2799
"153","ES769772",NA,"EXP13595",NA,"OTHER","Not_Parsed",2799
"154","ES769773",NA,"EXP13595",NA,"OTHER","Not_Parsed",2799
"155","ES769774",NA,"EXP13595",NA,"OTHER","Not_Parsed",2799
"156","ES769775",NA,"EXP13595",NA,"OTHER","Not_Parsed",2799
"157","ES769776",NA,"EXP13595",NA,"OTHER","Not_Parsed",2799
"158","ES769777",NA,"EXP13595",NA,"OTHER","Not_Parsed",2799
"159","ES769778",NA,"EXP13595",NA,"OTHER","Not_Parsed",2799
"160","ES769779",NA,"EXP13595",NA,"OTHER","Not_Parsed",2799
"161","ES769780",NA,"EXP13595",NA,"OTHER","Not_Parsed",2799
"162","ES769781",NA,"EXP13595",NA,"OTHER","Not_Parsed",2799
"163","ES769782",NA,"EXP13595",NA,"OTHER","Not_Parsed",2799
"164","ES769783",NA,"EXP13595",NA,"OTHER","Not_Parsed",2799
"165","ES769784",NA,"EXP13595",NA,"OTHER","Not_Parsed",2799
"166","ES769785",NA,"EXP13595",NA,"OTHER","Not_Parsed",2799
"167","ES769786",NA,"EXP13595",NA,"OTHER","Not_Parsed",2799
"168","ES769787",NA,"EXP13595",NA,"OTHER","Not_Parsed",2799
"169","ES769788",NA,"EXP13595",NA,"OTHER","Not_Parsed",2799
"170","ES769789",NA,"EXP13595",NA,"OTHER","Not_Parsed",2799
"171","ES769790",NA,"EXP13595",NA,"OTHER","Not_Parsed",2799
"172","ES769791",NA,"EXP13595",NA,"OTHER","Not_Parsed",2799
"173","ES769792",NA,"EXP13595",NA,"OTHER","Not_Parsed",2799
"174","ES769793",NA,"EXP13595",NA,"OTHER","Not_Parsed",2799
"175","ES769794",NA,"EXP13595",NA,"OTHER","Not_Parsed",2799
"176","ES769795",NA,"EXP13595",NA,"OTHER","Not_Parsed",2799
"177","ES769796",NA,"EXP13595",NA,"OTHER","Not_Parsed",2799
"178","ES769797",NA,"EXP13595",NA,"OTHER","Not_Parsed",2799
"179","ES769798",NA,"EXP13595",NA,"OTHER","Not_Parsed",2799
"180","ES769799",NA,"EXP13595",NA,"OTHER","Not_Parsed",2799
"181","ES769800",NA,"EXP13595",NA,"OTHER","Not_Parsed",2799
"182","ES769801",NA,"EXP13595",NA,"OTHER","Not_Parsed",2799
"183","ES769802",NA,"EXP13595",NA,"OTHER","Not_Parsed",2799
"184","ES769803",NA,"EXP13595",NA,"OTHER","Not_Parsed",2799
"185","ES769804",NA,"EXP13595",NA,"OTHER","Not_Parsed",2799
"186","ES769805",NA,"EXP13595",NA,"OTHER","Not_Parsed",2799
"187","ES769806",NA,"EXP13595",NA,"OTHER","Not_Parsed",2799
"188","ES769807",NA,"EXP13595",NA,"OTHER","Not_Parsed",2799
"189","ES769808",NA,"EXP13595",NA,"OTHER","Not_Parsed",2799
"190","ES769809",NA,"EXP13595",NA,"OTHER","Not_Parsed",2799
"191","ES769810",NA,"EXP13595",NA,"OTHER","Not_Parsed",2799
"192","ES769811",NA,"EXP13595",NA,"OTHER","Not_Parsed",2799
"193","ES769812",NA,"EXP13595",NA,"OTHER","Not_Parsed",2799
"194","ES769813",NA,"EXP13595",NA,"OTHER","Not_Parsed",2799
"195","ES769814",NA,"EXP13595",NA,"OTHER","Not_Parsed",2799
"196","ES769815",NA,"EXP13595",NA,"OTHER","Not_Parsed",2799
"197","ES769816",NA,"EXP13595",NA,"OTHER","Not_Parsed",2799
"198","ES769817",NA,"EXP13595",NA,"OTHER","Not_Parsed",2799
"199","ES769818",NA,"EXP13595",NA,"OTHER","Not_Parsed",2799
"200","ES769819",NA,"EXP13595",NA,"OTHER","Not_Parsed",2799
"201","ES769820",NA,"EXP13595",NA,"OTHER","Not_Parsed",2799
"202","ES769821",NA,"EXP13595",NA,"OTHER","Not_Parsed",2799
"203","ES769822",NA,"EXP13595",NA,"OTHER","Not_Parsed",2799
"204","ES769823",NA,"EXP13595",NA,"OTHER","Not_Parsed",2799
"205","ES769824",NA,"EXP13595",NA,"OTHER","Not_Parsed",2799
"206","ES769825",NA,"EXP13595",NA,"OTHER","Not_Parsed",2799
"207","ES769826",NA,"EXP13595",NA,"OTHER","Not_Parsed",2799
"208","ES769827",NA,"EXP13595",NA,"OTHER","Not_Parsed",2799
"209","ES769828",NA,"EXP13595",NA,"OTHER","Not_Parsed",2799
"210","ES769829",NA,"EXP13595",NA,"OTHER","Not_Parsed",2799
"211","ES769830",NA,"EXP13595",NA,"OTHER","Not_Parsed",2799
"212","ES769831",NA,"EXP13595",NA,"OTHER","Not_Parsed",2799
"213","ES769832",NA,"EXP13595",NA,"OTHER","Not_Parsed",2799
"214","ES769833",NA,"EXP13596",NA,"HAI","Parsed",2799
"215","ES769834",NA,"EXP13596",NA,"HAI","Parsed",2799
"216","ES769835",NA,"EXP13596",NA,"HAI","Parsed",2799
"217","ES769836",NA,"EXP13596",NA,"HAI","Parsed",2799
"218","ES769837",NA,"EXP13596",NA,"HAI","Parsed",2799
"219","ES769838",NA,"EXP13596",NA,"HAI","Parsed",2799
"220","ES769839",NA,"EXP13596",NA,"HAI","Parsed",2799
"221","ES769840",NA,"EXP13596",NA,"HAI","Parsed",2799
"222","ES769841",NA,"EXP13596",NA,"HAI","Parsed",2799
"223","ES769842",NA,"EXP13596",NA,"HAI","Parsed",2799
"224","ES769843",NA,"EXP13596",NA,"HAI","Parsed",2799
"225","ES769844",NA,"EXP13596",NA,"HAI","Parsed",2799
"226","ES769845",NA,"EXP13596",NA,"HAI","Parsed",2799
"227","ES769846",NA,"EXP13596",NA,"HAI","Parsed",2799
"228","ES769847",NA,"EXP13596",NA,"HAI","Parsed",2799
"229","ES769848",NA,"EXP13596",NA,"HAI","Parsed",2799
"230","ES769849",NA,"EXP13596",NA,"HAI","Parsed",2799
"231","ES769850",NA,"EXP13596",NA,"HAI","Parsed",2799
"232","ES769851",NA,"EXP13596",NA,"HAI","Parsed",2799
"233","ES769852",NA,"EXP13596",NA,"HAI","Parsed",2799
"234","ES769853",NA,"EXP13596",NA,"HAI","Parsed",2799
"235","ES769854",NA,"EXP13596",NA,"HAI","Parsed",2799
"236","ES769855",NA,"EXP13596",NA,"HAI","Parsed",2799
"237","ES769856",NA,"EXP13596",NA,"HAI","Parsed",2799
"238","ES769857",NA,"EXP13596",NA,"HAI","Parsed",2799
"239","ES769858",NA,"EXP13596",NA,"HAI","Parsed",2799
"240","ES769859",NA,"EXP13596",NA,"HAI","Parsed",2799
"241","ES769860",NA,"EXP13596",NA,"HAI","Parsed",2799
"242","ES769861",NA,"EXP13596",NA,"HAI","Parsed",2799
"243","ES769862",NA,"EXP13596",NA,"HAI","Parsed",2799
"244","ES769863",NA,"EXP13596",NA,"HAI","Parsed",2799
"245","ES769864",NA,"EXP13596",NA,"HAI","Parsed",2799
"246","ES769865",NA,"EXP13596",NA,"HAI","Parsed",2799
"247","ES769866",NA,"EXP13596",NA,"HAI","Parsed",2799
"248","ES769867",NA,"EXP13596",NA,"HAI","Parsed",2799
"249","ES769868",NA,"EXP13596",NA,"HAI","Parsed",2799
"250","ES769869",NA,"EXP13596",NA,"HAI","Parsed",2799
"251","ES769870",NA,"EXP13596",NA,"HAI","Parsed",2799
"252","ES769871",NA,"EXP13596",NA,"HAI","Parsed",2799
"253","ES769872",NA,"EXP13596",NA,"HAI","Parsed",2799
"254","ES769873",NA,"EXP13596",NA,"HAI","Parsed",2799
"255","ES769874",NA,"EXP13596",NA,"HAI","Parsed",2799
"256","ES769875",NA,"EXP13596",NA,"HAI","Parsed",2799
"257","ES769876",NA,"EXP13596",NA,"HAI","Parsed",2799
"258","ES769877",NA,"EXP13596",NA,"HAI","Parsed",2799
"259","ES769878",NA,"EXP13596",NA,"HAI","Parsed",2799
"260","ES769879",NA,"EXP13596",NA,"HAI","Parsed",2799
"261","ES769880",NA,"EXP13596",NA,"HAI","Parsed",2799
"262","ES769881",NA,"EXP13596",NA,"HAI","Parsed",2799
"263","ES769882",NA,"EXP13596",NA,"HAI","Parsed",2799
"264","ES769883",NA,"EXP13596",NA,"HAI","Parsed",2799
"265","ES769884",NA,"EXP13596",NA,"HAI","Parsed",2799
"266","ES769885",NA,"EXP13596",NA,"HAI","Parsed",2799
"267","ES769886",NA,"EXP13596",NA,"HAI","Parsed",2799
"268","ES769887",NA,"EXP13596",NA,"HAI","Parsed",2799
"269","ES769888",NA,"EXP13596",NA,"HAI","Parsed",2799
"270","ES769889",NA,"EXP13596",NA,"HAI","Parsed",2799
"271","ES769890",NA,"EXP13596",NA,"HAI","Parsed",2799
"272","ES769891",NA,"EXP13596",NA,"HAI","Parsed",2799
"273","ES769892",NA,"EXP13596",NA,"HAI","Parsed",2799
"274","ES769893",NA,"EXP13596",NA,"HAI","Parsed",2799
"275","ES769894",NA,"EXP13596",NA,"HAI","Parsed",2799
"276","ES769895",NA,"EXP13596",NA,"HAI","Parsed",2799
"277","ES769896",NA,"EXP13596",NA,"HAI","Parsed",2799
"278","ES769897",NA,"EXP13596",NA,"HAI","Parsed",2799
"279","ES769898",NA,"EXP13596",NA,"HAI","Parsed",2799
"280","ES769899",NA,"EXP13596",NA,"HAI","Parsed",2799
"281","ES769900",NA,"EXP13596",NA,"HAI","Parsed",2799
"282","ES769901",NA,"EXP13596",NA,"HAI","Parsed",2799
"283","ES769902",NA,"EXP13596",NA,"HAI","Parsed",2799
"284","ES769903",NA,"EXP13596",NA,"HAI","Parsed",2799
"285","ES769904",NA,"EXP13596",NA,"HAI","Parsed",2799
"286","ES769905",NA,"EXP13596",NA,"HAI","Parsed",2799
"287","ES769906",NA,"EXP13596",NA,"HAI","Parsed",2799
"288","ES769907",NA,"EXP13596",NA,"HAI","Parsed",2799
"289","ES769908",NA,"EXP13596",NA,"HAI","Parsed",2799
"290","ES769909",NA,"EXP13596",NA,"HAI","Parsed",2799
"291","ES769910",NA,"EXP13596",NA,"HAI","Parsed",2799
"292","ES769911",NA,"EXP13596",NA,"HAI","Parsed",2799
"293","ES769912",NA,"EXP13596",NA,"HAI","Parsed",2799
"294","ES769913",NA,"EXP13596",NA,"HAI","Parsed",2799
"295","ES769914",NA,"EXP13596",NA,"HAI","Parsed",2799
"296","ES769915",NA,"EXP13596",NA,"HAI","Parsed",2799
"297","ES769916",NA,"EXP13596",NA,"HAI","Parsed",2799
"298","ES769917",NA,"EXP13596",NA,"HAI","Parsed",2799
"299","ES769918",NA,"EXP13596",NA,"HAI","Parsed",2799
"300","ES769919",NA,"EXP13596",NA,"HAI","Parsed",2799
"301","ES769920",NA,"EXP13596",NA,"HAI","Parsed",2799
"302","ES769921",NA,"EXP13596",NA,"HAI","Parsed",2799
"303","ES769922",NA,"EXP13596",NA,"HAI","Parsed",2799
"304","ES769923",NA,"EXP13596",NA,"HAI","Parsed",2799
"305","ES769924",NA,"EXP13596",NA,"HAI","Parsed",2799
"306","ES769925",NA,"EXP13596",NA,"HAI","Parsed",2799
"307","ES769926",NA,"EXP13596",NA,"HAI","Parsed",2799
"308","ES769927",NA,"EXP13596",NA,"HAI","Parsed",2799
"309","ES769928",NA,"EXP13596",NA,"HAI","Parsed",2799
"310","ES769929",NA,"EXP13596",NA,"HAI","Parsed",2799
"311","ES769930",NA,"EXP13596",NA,"HAI","Parsed",2799
"312","ES769931",NA,"EXP13596",NA,"HAI","Parsed",2799
"313","ES769932",NA,"EXP13596",NA,"HAI","Parsed",2799
"314","ES769933",NA,"EXP13596",NA,"HAI","Parsed",2799
"315","ES769934",NA,"EXP13596",NA,"HAI","Parsed",2799
"316","ES769935",NA,"EXP13596",NA,"HAI","Parsed",2799
"317","ES769936",NA,"EXP13596",NA,"HAI","Parsed",2799
"318","ES769937",NA,"EXP13596",NA,"HAI","Parsed",2799
"319","ES769938",NA,"EXP13596",NA,"HAI","Parsed",2799
"320","ES769939",NA,"EXP13596",NA,"HAI","Parsed",2799
"321","ES769940",NA,"EXP13596",NA,"HAI","Parsed",2799
"322","ES769941",NA,"EXP13596",NA,"HAI","Parsed",2799
"323","ES769942",NA,"EXP13596",NA,"HAI","Parsed",2799
"324","ES769943",NA,"EXP13596",NA,"HAI","Parsed",2799
"325","ES769944",NA,"EXP13596",NA,"HAI","Parsed",2799
"326","ES769945",NA,"EXP13596",NA,"HAI","Parsed",2799
"327","ES769946",NA,"EXP13596",NA,"HAI","Parsed",2799
"328","ES769947",NA,"EXP13596",NA,"HAI","Parsed",2799
"329","ES769948",NA,"EXP13596",NA,"HAI","Parsed",2799
"330","ES769949",NA,"EXP13596",NA,"HAI","Parsed",2799
"331","ES769950",NA,"EXP13596",NA,"HAI","Parsed",2799
"332","ES769951",NA,"EXP13596",NA,"HAI","Parsed",2799
"333","ES769952",NA,"EXP13596",NA,"HAI","Parsed",2799
"334","ES769953",NA,"EXP13596",NA,"HAI","Parsed",2799
"335","ES769954",NA,"EXP13596",NA,"HAI","Parsed",2799
"336","ES769955",NA,"EXP13596",NA,"HAI","Parsed",2799
"337","ES769956",NA,"EXP13596",NA,"HAI","Parsed",2799
"338","ES769957",NA,"EXP13596",NA,"HAI","Parsed",2799
"339","ES769958",NA,"EXP13596",NA,"HAI","Parsed",2799
"340","ES769959",NA,"EXP13596",NA,"HAI","Parsed",2799
"341","ES769960",NA,"EXP13596",NA,"HAI","Parsed",2799
"342","ES769961",NA,"EXP13596",NA,"HAI","Parsed",2799
"343","ES769962",NA,"EXP13596",NA,"HAI","Parsed",2799
"344","ES769963",NA,"EXP13596",NA,"HAI","Parsed",2799
"345","ES769964",NA,"EXP13596",NA,"HAI","Parsed",2799
"346","ES769965",NA,"EXP13596",NA,"HAI","Parsed",2799
"347","ES769966",NA,"EXP13596",NA,"HAI","Parsed",2799
"348","ES769967",NA,"EXP13596",NA,"HAI","Parsed",2799
"349","ES769968",NA,"EXP13596",NA,"HAI","Parsed",2799
"350","ES769969",NA,"EXP13596",NA,"HAI","Parsed",2799
"351","ES769970",NA,"EXP13596",NA,"HAI","Parsed",2799
"352","ES769971",NA,"EXP13596",NA,"HAI","Parsed",2799
"353","ES769972",NA,"EXP13596",NA,"HAI","Parsed",2799
"354","ES769973",NA,"EXP13596",NA,"HAI","Parsed",2799
"355","ES769974",NA,"EXP13596",NA,"HAI","Parsed",2799
"356","ES769975",NA,"EXP13596",NA,"HAI","Parsed",2799
"357","ES769976",NA,"EXP13596",NA,"HAI","Parsed",2799
"358","ES769977",NA,"EXP13596",NA,"HAI","Parsed",2799
"359","ES769978",NA,"EXP13596",NA,"HAI","Parsed",2799
"360","ES769979",NA,"EXP13596",NA,"HAI","Parsed",2799
"361","ES769980",NA,"EXP13596",NA,"HAI","Parsed",2799
"362","ES769981",NA,"EXP13596",NA,"HAI","Parsed",2799
"363","ES769982",NA,"EXP13596",NA,"HAI","Parsed",2799
"364","ES769983",NA,"EXP13596",NA,"HAI","Parsed",2799
"365","ES769984",NA,"EXP13596",NA,"HAI","Parsed",2799
"366","ES769985",NA,"EXP13596",NA,"HAI","Parsed",2799
"367","ES769986",NA,"EXP13596",NA,"HAI","Parsed",2799
"368","ES769987",NA,"EXP13596",NA,"HAI","Parsed",2799
"369","ES769988",NA,"EXP13596",NA,"HAI","Parsed",2799
"370","ES769989",NA,"EXP13596",NA,"HAI","Parsed",2799
"371","ES769990",NA,"EXP13596",NA,"HAI","Parsed",2799
"372","ES769991",NA,"EXP13596",NA,"HAI","Parsed",2799
"373","ES769992",NA,"EXP13596",NA,"HAI","Parsed",2799
"374","ES769993",NA,"EXP13596",NA,"HAI","Parsed",2799
"375","ES769994",NA,"EXP13596",NA,"HAI","Parsed",2799
"376","ES769995",NA,"EXP13596",NA,"HAI","Parsed",2799
"377","ES769996",NA,"EXP13596",NA,"HAI","Parsed",2799
"378","ES769997",NA,"EXP13596",NA,"HAI","Parsed",2799
"379","ES769998",NA,"EXP13596",NA,"HAI","Parsed",2799
"380","ES769999",NA,"EXP13596",NA,"HAI","Parsed",2799
"381","ES770000",NA,"EXP13596",NA,"HAI","Parsed",2799
"382","ES770001",NA,"EXP13596",NA,"HAI","Parsed",2799
"383","ES770002",NA,"EXP13596",NA,"HAI","Parsed",2799
"384","ES770003",NA,"EXP13596",NA,"HAI","Parsed",2799
"385","ES770004",NA,"EXP13596",NA,"HAI","Parsed",2799
"386","ES770005",NA,"EXP13596",NA,"HAI","Parsed",2799
"387","ES770006",NA,"EXP13596",NA,"HAI","Parsed",2799
"388","ES770007",NA,"EXP13596",NA,"HAI","Parsed",2799
"389","ES770008",NA,"EXP13596",NA,"HAI","Parsed",2799
"390","ES770009",NA,"EXP13596",NA,"HAI","Parsed",2799
"391","ES770010",NA,"EXP13596",NA,"HAI","Parsed",2799
"392","ES770011",NA,"EXP13596",NA,"HAI","Parsed",2799
"393","ES770012",NA,"EXP13596",NA,"HAI","Parsed",2799
"394","ES770013",NA,"EXP13596",NA,"HAI","Parsed",2799
"395","ES770014",NA,"EXP13596",NA,"HAI","Parsed",2799
"396","ES770015",NA,"EXP13596",NA,"HAI","Parsed",2799
"397","ES770016",NA,"EXP13596",NA,"HAI","Parsed",2799
"398","ES770017",NA,"EXP13596",NA,"HAI","Parsed",2799
"399","ES770018",NA,"EXP13596",NA,"HAI","Parsed",2799
"400","ES770019",NA,"EXP13596",NA,"HAI","Parsed",2799
"401","ES770020",NA,"EXP13596",NA,"HAI","Parsed",2799
"402","ES770021",NA,"EXP13596",NA,"HAI","Parsed",2799
"403","ES770022",NA,"EXP13596",NA,"HAI","Parsed",2799
"404","ES770023",NA,"EXP13596",NA,"HAI","Parsed",2799
"405","ES770024",NA,"EXP13596",NA,"HAI","Parsed",2799
"406","ES770025",NA,"EXP13596",NA,"HAI","Parsed",2799
"407","ES770026",NA,"EXP13596",NA,"HAI","Parsed",2799
"408","ES770027",NA,"EXP13596",NA,"HAI","Parsed",2799
"409","ES770028",NA,"EXP13596",NA,"HAI","Parsed",2799
"410","ES770029",NA,"EXP13596",NA,"HAI","Parsed",2799
"411","ES770030",NA,"EXP13596",NA,"HAI","Parsed",2799
"412","ES770031",NA,"EXP13596",NA,"HAI","Parsed",2799
"413","ES770032",NA,"EXP13596",NA,"HAI","Parsed",2799
"414","ES770033",NA,"EXP13596",NA,"HAI","Parsed",2799
"415","ES770034",NA,"EXP13596",NA,"HAI","Parsed",2799
"416","ES770035",NA,"EXP13596",NA,"HAI","Parsed",2799
"417","ES770036",NA,"EXP13596",NA,"HAI","Parsed",2799
"418","ES770037",NA,"EXP13596",NA,"HAI","Parsed",2799
"419","ES770038",NA,"EXP13596",NA,"HAI","Parsed",2799
"420","ES770039",NA,"EXP13596",NA,"HAI","Parsed",2799
"421","ES770040",NA,"EXP13596",NA,"HAI","Parsed",2799
"422","ES770041",NA,"EXP13596",NA,"HAI","Parsed",2799
"423","ES770042",NA,"EXP13596",NA,"HAI","Parsed",2799
"424","ES770043",NA,"EXP13596",NA,"HAI","Parsed",2799
"425","ES770044",NA,"EXP13596",NA,"HAI","Parsed",2799
"426","ES770045",NA,"EXP13596",NA,"HAI","Parsed",2799
"427","ES770046",NA,"EXP13596",NA,"HAI","Parsed",2799
"428","ES770047",NA,"EXP13596",NA,"HAI","Parsed",2799
"429","ES770048",NA,"EXP13596",NA,"HAI","Parsed",2799
"430","ES770049",NA,"EXP13596",NA,"HAI","Parsed",2799
"431","ES770050",NA,"EXP13596",NA,"HAI","Parsed",2799
"432","ES770051",NA,"EXP13596",NA,"HAI","Parsed",2799
"433","ES770052",NA,"EXP13596",NA,"HAI","Parsed",2799
"434","ES770053",NA,"EXP13596",NA,"HAI","Parsed",2799
"435","ES770054",NA,"EXP13596",NA,"HAI","Parsed",2799
"436","ES770055",NA,"EXP13596",NA,"HAI","Parsed",2799
"437","ES770056",NA,"EXP13596",NA,"HAI","Parsed",2799
"438","ES770057",NA,"EXP13596",NA,"HAI","Parsed",2799
"439","ES770058",NA,"EXP13596",NA,"HAI","Parsed",2799
"440","ES770059",NA,"EXP13596",NA,"HAI","Parsed",2799
"441","ES770060",NA,"EXP13596",NA,"HAI","Parsed",2799
"442","ES770061",NA,"EXP13596",NA,"HAI","Parsed",2799
"443","ES770062",NA,"EXP13596",NA,"HAI","Parsed",2799
"444","ES770063",NA,"EXP13596",NA,"HAI","Parsed",2799
"445","ES770064",NA,"EXP13596",NA,"HAI","Parsed",2799
"446","ES770065",NA,"EXP13596",NA,"HAI","Parsed",2799
"447","ES770066",NA,"EXP13596",NA,"HAI","Parsed",2799
"448","ES770067",NA,"EXP13596",NA,"HAI","Parsed",2799
"449","ES770068",NA,"EXP13596",NA,"HAI","Parsed",2799
"450","ES770069",NA,"EXP13596",NA,"HAI","Parsed",2799
"451","ES770070",NA,"EXP13596",NA,"HAI","Parsed",2799
"452","ES770071",NA,"EXP13596",NA,"HAI","Parsed",2799
"453","ES770072",NA,"EXP13596",NA,"HAI","Parsed",2799
"454","ES770553",NA,"EXP13597",NA,"VIRUS NEUTRALIZATION","Parsed",2799
"455","ES770554",NA,"EXP13597",NA,"VIRUS NEUTRALIZATION","Parsed",2799
"456","ES770555",NA,"EXP13597",NA,"VIRUS NEUTRALIZATION","Parsed",2799
"457","ES770556",NA,"EXP13597",NA,"VIRUS NEUTRALIZATION","Parsed",2799
"458","ES770557",NA,"EXP13597",NA,"VIRUS NEUTRALIZATION","Parsed",2799
"459","ES770558",NA,"EXP13597",NA,"VIRUS NEUTRALIZATION","Parsed",2799
"460","ES770559",NA,"EXP13597",NA,"VIRUS NEUTRALIZATION","Parsed",2799
"461","ES770560",NA,"EXP13597",NA,"VIRUS NEUTRALIZATION","Parsed",2799
"462","ES770561",NA,"EXP13597",NA,"VIRUS NEUTRALIZATION","Parsed",2799
"463","ES770562",NA,"EXP13597",NA,"VIRUS NEUTRALIZATION","Parsed",2799
"464","ES770563",NA,"EXP13597",NA,"VIRUS NEUTRALIZATION","Parsed",2799
"465","ES770564",NA,"EXP13597",NA,"VIRUS NEUTRALIZATION","Parsed",2799
"466","ES770565",NA,"EXP13597",NA,"VIRUS NEUTRALIZATION","Parsed",2799
"467","ES770566",NA,"EXP13597",NA,"VIRUS NEUTRALIZATION","Parsed",2799
"468","ES770567",NA,"EXP13597",NA,"VIRUS NEUTRALIZATION","Parsed",2799
"469","ES770568",NA,"EXP13597",NA,"VIRUS NEUTRALIZATION","Parsed",2799
"470","ES770569",NA,"EXP13597",NA,"VIRUS NEUTRALIZATION","Parsed",2799
"471","ES770570",NA,"EXP13597",NA,"VIRUS NEUTRALIZATION","Parsed",2799
"472","ES770571",NA,"EXP13597",NA,"VIRUS NEUTRALIZATION","Parsed",2799
"473","ES770572",NA,"EXP13597",NA,"VIRUS NEUTRALIZATION","Parsed",2799
"474","ES770573",NA,"EXP13597",NA,"VIRUS NEUTRALIZATION","Parsed",2799
"475","ES770574",NA,"EXP13597",NA,"VIRUS NEUTRALIZATION","Parsed",2799
"476","ES770575",NA,"EXP13597",NA,"VIRUS NEUTRALIZATION","Parsed",2799
"477","ES770576",NA,"EXP13597",NA,"VIRUS NEUTRALIZATION","Parsed",2799
"478","ES770577",NA,"EXP13597",NA,"VIRUS NEUTRALIZATION","Parsed",2799
"479","ES770578",NA,"EXP13597",NA,"VIRUS NEUTRALIZATION","Parsed",2799
"480","ES770579",NA,"EXP13597",NA,"VIRUS NEUTRALIZATION","Parsed",2799
"481","ES770580",NA,"EXP13597",NA,"VIRUS NEUTRALIZATION","Parsed",2799
"482","ES770581",NA,"EXP13597",NA,"VIRUS NEUTRALIZATION","Parsed",2799
"483","ES770582",NA,"EXP13597",NA,"VIRUS NEUTRALIZATION","Parsed",2799
"484","ES770583",NA,"EXP13597",NA,"VIRUS NEUTRALIZATION","Parsed",2799
"485","ES770584",NA,"EXP13597",NA,"VIRUS NEUTRALIZATION","Parsed",2799
"486","ES770585",NA,"EXP13597",NA,"VIRUS NEUTRALIZATION","Parsed",2799
"487","ES770586",NA,"EXP13597",NA,"VIRUS NEUTRALIZATION","Parsed",2799
"488","ES770587",NA,"EXP13597",NA,"VIRUS NEUTRALIZATION","Parsed",2799
"489","ES770588",NA,"EXP13597",NA,"VIRUS NEUTRALIZATION","Parsed",2799
"490","ES770589",NA,"EXP13597",NA,"VIRUS NEUTRALIZATION","Parsed",2799
"491","ES770590",NA,"EXP13597",NA,"VIRUS NEUTRALIZATION","Parsed",2799
"492","ES770591",NA,"EXP13597",NA,"VIRUS NEUTRALIZATION","Parsed",2799
"493","ES770592",NA,"EXP13597",NA,"VIRUS NEUTRALIZATION","Parsed",2799
"494","ES770593",NA,"EXP13597",NA,"VIRUS NEUTRALIZATION","Parsed",2799
"495","ES770594",NA,"EXP13597",NA,"VIRUS NEUTRALIZATION","Parsed",2799
"496","ES770595",NA,"EXP13597",NA,"VIRUS NEUTRALIZATION","Parsed",2799
"497","ES770596",NA,"EXP13597",NA,"VIRUS NEUTRALIZATION","Parsed",2799
"498","ES770597",NA,"EXP13597",NA,"VIRUS NEUTRALIZATION","Parsed",2799
"499","ES770598",NA,"EXP13597",NA,"VIRUS NEUTRALIZATION","Parsed",2799
"500","ES770599",NA,"EXP13597",NA,"VIRUS NEUTRALIZATION","Parsed",2799
"501","ES770600",NA,"EXP13597",NA,"VIRUS NEUTRALIZATION","Parsed",2799
"502","ES770601",NA,"EXP13597",NA,"VIRUS NEUTRALIZATION","Parsed",2799
"503","ES770602",NA,"EXP13597",NA,"VIRUS NEUTRALIZATION","Parsed",2799
"504","ES770603",NA,"EXP13597",NA,"VIRUS NEUTRALIZATION","Parsed",2799
"505","ES770604",NA,"EXP13597",NA,"VIRUS NEUTRALIZATION","Parsed",2799
"506","ES770605",NA,"EXP13597",NA,"VIRUS NEUTRALIZATION","Parsed",2799
"507","ES770606",NA,"EXP13597",NA,"VIRUS NEUTRALIZATION","Parsed",2799
"508","ES770607",NA,"EXP13597",NA,"VIRUS NEUTRALIZATION","Parsed",2799
"509","ES770608",NA,"EXP13597",NA,"VIRUS NEUTRALIZATION","Parsed",2799
"510","ES770609",NA,"EXP13597",NA,"VIRUS NEUTRALIZATION","Parsed",2799
"511","ES770610",NA,"EXP13597",NA,"VIRUS NEUTRALIZATION","Parsed",2799
"512","ES770611",NA,"EXP13597",NA,"VIRUS NEUTRALIZATION","Parsed",2799
"513","ES770612",NA,"EXP13597",NA,"VIRUS NEUTRALIZATION","Parsed",2799
"514","ES770613",NA,"EXP13597",NA,"VIRUS NEUTRALIZATION","Parsed",2799
"515","ES770614",NA,"EXP13597",NA,"VIRUS NEUTRALIZATION","Parsed",2799
"516","ES770615",NA,"EXP13597",NA,"VIRUS NEUTRALIZATION","Parsed",2799
"517","ES770616",NA,"EXP13597",NA,"VIRUS NEUTRALIZATION","Parsed",2799
"518","ES770617",NA,"EXP13597",NA,"VIRUS NEUTRALIZATION","Parsed",2799
"519","ES770618",NA,"EXP13597",NA,"VIRUS NEUTRALIZATION","Parsed",2799
"520","ES770619",NA,"EXP13597",NA,"VIRUS NEUTRALIZATION","Parsed",2799
"521","ES770620",NA,"EXP13597",NA,"VIRUS NEUTRALIZATION","Parsed",2799
"522","ES770621",NA,"EXP13597",NA,"VIRUS NEUTRALIZATION","Parsed",2799
"523","ES770622",NA,"EXP13597",NA,"VIRUS NEUTRALIZATION","Parsed",2799
"524","ES770623",NA,"EXP13597",NA,"VIRUS NEUTRALIZATION","Parsed",2799
"525","ES770624",NA,"EXP13597",NA,"VIRUS NEUTRALIZATION","Parsed",2799
"526","ES770625",NA,"EXP13597",NA,"VIRUS NEUTRALIZATION","Parsed",2799
"527","ES770626",NA,"EXP13597",NA,"VIRUS NEUTRALIZATION","Parsed",2799
"528","ES770627",NA,"EXP13597",NA,"VIRUS NEUTRALIZATION","Parsed",2799
"529","ES770628",NA,"EXP13597",NA,"VIRUS NEUTRALIZATION","Parsed",2799
"530","ES770629",NA,"EXP13597",NA,"VIRUS NEUTRALIZATION","Parsed",2799
"531","ES770630",NA,"EXP13597",NA,"VIRUS NEUTRALIZATION","Parsed",2799
"532","ES770631",NA,"EXP13597",NA,"VIRUS NEUTRALIZATION","Parsed",2799
"533","ES770632",NA,"EXP13597",NA,"VIRUS NEUTRALIZATION","Parsed",2799
"534","ES770633",NA,"EXP13597",NA,"VIRUS NEUTRALIZATION","Parsed",2799
"535","ES770634",NA,"EXP13597",NA,"VIRUS NEUTRALIZATION","Parsed",2799
"536","ES770635",NA,"EXP13597",NA,"VIRUS NEUTRALIZATION","Parsed",2799
"537","ES770636",NA,"EXP13597",NA,"VIRUS NEUTRALIZATION","Parsed",2799
"538","ES770637",NA,"EXP13597",NA,"VIRUS NEUTRALIZATION","Parsed",2799
"539","ES770638",NA,"EXP13597",NA,"VIRUS NEUTRALIZATION","Parsed",2799
"540","ES770639",NA,"EXP13597",NA,"VIRUS NEUTRALIZATION","Parsed",2799
"541","ES770640",NA,"EXP13597",NA,"VIRUS NEUTRALIZATION","Parsed",2799
"542","ES770641",NA,"EXP13597",NA,"VIRUS NEUTRALIZATION","Parsed",2799
"543","ES770642",NA,"EXP13597",NA,"VIRUS NEUTRALIZATION","Parsed",2799
"544","ES770643",NA,"EXP13597",NA,"VIRUS NEUTRALIZATION","Parsed",2799
"545","ES770644",NA,"EXP13597",NA,"VIRUS NEUTRALIZATION","Parsed",2799
"546","ES770645",NA,"EXP13597",NA,"VIRUS NEUTRALIZATION","Parsed",2799
"547","ES770646",NA,"EXP13597",NA,"VIRUS NEUTRALIZATION","Parsed",2799
"548","ES770647",NA,"EXP13597",NA,"VIRUS NEUTRALIZATION","Parsed",2799
"549","ES770648",NA,"EXP13597",NA,"VIRUS NEUTRALIZATION","Parsed",2799
"550","ES770649",NA,"EXP13597",NA,"VIRUS NEUTRALIZATION","Parsed",2799
"551","ES770650",NA,"EXP13597",NA,"VIRUS NEUTRALIZATION","Parsed",2799
"552","ES770651",NA,"EXP13597",NA,"VIRUS NEUTRALIZATION","Parsed",2799
"553","ES770652",NA,"EXP13597",NA,"VIRUS NEUTRALIZATION","Parsed",2799
"554","ES770653",NA,"EXP13597",NA,"VIRUS NEUTRALIZATION","Parsed",2799
"555","ES770654",NA,"EXP13597",NA,"VIRUS NEUTRALIZATION","Parsed",2799
"556","ES770655",NA,"EXP13597",NA,"VIRUS NEUTRALIZATION","Parsed",2799
"557","ES770656",NA,"EXP13597",NA,"VIRUS NEUTRALIZATION","Parsed",2799
"558","ES770657",NA,"EXP13597",NA,"VIRUS NEUTRALIZATION","Parsed",2799
"559","ES770658",NA,"EXP13597",NA,"VIRUS NEUTRALIZATION","Parsed",2799
"560","ES770659",NA,"EXP13597",NA,"VIRUS NEUTRALIZATION","Parsed",2799
"561","ES770660",NA,"EXP13597",NA,"VIRUS NEUTRALIZATION","Parsed",2799
"562","ES770661",NA,"EXP13597",NA,"VIRUS NEUTRALIZATION","Parsed",2799
"563","ES770662",NA,"EXP13597",NA,"VIRUS NEUTRALIZATION","Parsed",2799
"564","ES770663",NA,"EXP13597",NA,"VIRUS NEUTRALIZATION","Parsed",2799
"565","ES770664",NA,"EXP13597",NA,"VIRUS NEUTRALIZATION","Parsed",2799
"566","ES770665",NA,"EXP13597",NA,"VIRUS NEUTRALIZATION","Parsed",2799
"567","ES770666",NA,"EXP13597",NA,"VIRUS NEUTRALIZATION","Parsed",2799
"568","ES770667",NA,"EXP13597",NA,"VIRUS NEUTRALIZATION","Parsed",2799
"569","ES770668",NA,"EXP13597",NA,"VIRUS NEUTRALIZATION","Parsed",2799
"570","ES770669",NA,"EXP13597",NA,"VIRUS NEUTRALIZATION","Parsed",2799
"571","ES770670",NA,"EXP13597",NA,"VIRUS NEUTRALIZATION","Parsed",2799
"572","ES770671",NA,"EXP13597",NA,"VIRUS NEUTRALIZATION","Parsed",2799
"573","ES770672",NA,"EXP13597",NA,"VIRUS NEUTRALIZATION","Parsed",2799
"574","ES770673",NA,"EXP13597",NA,"VIRUS NEUTRALIZATION","Parsed",2799
"575","ES770674",NA,"EXP13597",NA,"VIRUS NEUTRALIZATION","Parsed",2799
"576","ES770675",NA,"EXP13597",NA,"VIRUS NEUTRALIZATION","Parsed",2799
"577","ES770676",NA,"EXP13597",NA,"VIRUS NEUTRALIZATION","Parsed",2799
"578","ES770677",NA,"EXP13597",NA,"VIRUS NEUTRALIZATION","Parsed",2799
"579","ES770678",NA,"EXP13597",NA,"VIRUS NEUTRALIZATION","Parsed",2799
"580","ES770679",NA,"EXP13597",NA,"VIRUS NEUTRALIZATION","Parsed",2799
"581","ES770680",NA,"EXP13597",NA,"VIRUS NEUTRALIZATION","Parsed",2799
"582","ES770681",NA,"EXP13597",NA,"VIRUS NEUTRALIZATION","Parsed",2799
"583","ES770682",NA,"EXP13597",NA,"VIRUS NEUTRALIZATION","Parsed",2799
"584","ES770683",NA,"EXP13597",NA,"VIRUS NEUTRALIZATION","Parsed",2799
"585","ES770684",NA,"EXP13597",NA,"VIRUS NEUTRALIZATION","Parsed",2799
"586","ES770685",NA,"EXP13597",NA,"VIRUS NEUTRALIZATION","Parsed",2799
"587","ES770686",NA,"EXP13597",NA,"VIRUS NEUTRALIZATION","Parsed",2799
"588","ES770687",NA,"EXP13597",NA,"VIRUS NEUTRALIZATION","Parsed",2799
"589","ES770688",NA,"EXP13597",NA,"VIRUS NEUTRALIZATION","Parsed",2799
"590","ES770689",NA,"EXP13597",NA,"VIRUS NEUTRALIZATION","Parsed",2799
"591","ES770690",NA,"EXP13597",NA,"VIRUS NEUTRALIZATION","Parsed",2799
"592","ES770691",NA,"EXP13597",NA,"VIRUS NEUTRALIZATION","Parsed",2799
"593","ES770692",NA,"EXP13597",NA,"VIRUS NEUTRALIZATION","Parsed",2799
"594","ES770693",NA,"EXP13597",NA,"VIRUS NEUTRALIZATION","Parsed",2799
"595","ES770694",NA,"EXP13597",NA,"VIRUS NEUTRALIZATION","Parsed",2799
"596","ES770695",NA,"EXP13597",NA,"VIRUS NEUTRALIZATION","Parsed",2799
"597","ES770696",NA,"EXP13597",NA,"VIRUS NEUTRALIZATION","Parsed",2799
"598","ES770697",NA,"EXP13597",NA,"VIRUS NEUTRALIZATION","Parsed",2799
"599","ES770698",NA,"EXP13597",NA,"VIRUS NEUTRALIZATION","Parsed",2799
"600","ES770699",NA,"EXP13597",NA,"VIRUS NEUTRALIZATION","Parsed",2799
"601","ES770700",NA,"EXP13597",NA,"VIRUS NEUTRALIZATION","Parsed",2799
"602","ES770701",NA,"EXP13597",NA,"VIRUS NEUTRALIZATION","Parsed",2799
"603","ES770702",NA,"EXP13597",NA,"VIRUS NEUTRALIZATION","Parsed",2799
"604","ES770703",NA,"EXP13597",NA,"VIRUS NEUTRALIZATION","Parsed",2799
"605","ES770704",NA,"EXP13597",NA,"VIRUS NEUTRALIZATION","Parsed",2799
"606","ES770705",NA,"EXP13597",NA,"VIRUS NEUTRALIZATION","Parsed",2799
"607","ES770706",NA,"EXP13597",NA,"VIRUS NEUTRALIZATION","Parsed",2799
"608","ES770707",NA,"EXP13597",NA,"VIRUS NEUTRALIZATION","Parsed",2799
"609","ES770708",NA,"EXP13597",NA,"VIRUS NEUTRALIZATION","Parsed",2799
"610","ES770709",NA,"EXP13597",NA,"VIRUS NEUTRALIZATION","Parsed",2799
"611","ES770710",NA,"EXP13597",NA,"VIRUS NEUTRALIZATION","Parsed",2799
"612","ES770711",NA,"EXP13597",NA,"VIRUS NEUTRALIZATION","Parsed",2799
"613","ES770712",NA,"EXP13597",NA,"VIRUS NEUTRALIZATION","Parsed",2799
"614","ES770713",NA,"EXP13597",NA,"VIRUS NEUTRALIZATION","Parsed",2799
"615","ES770714",NA,"EXP13597",NA,"VIRUS NEUTRALIZATION","Parsed",2799
"616","ES770715",NA,"EXP13597",NA,"VIRUS NEUTRALIZATION","Parsed",2799
"617","ES770716",NA,"EXP13597",NA,"VIRUS NEUTRALIZATION","Parsed",2799
"618","ES770717",NA,"EXP13597",NA,"VIRUS NEUTRALIZATION","Parsed",2799
"619","ES770718",NA,"EXP13597",NA,"VIRUS NEUTRALIZATION","Parsed",2799
"620","ES770719",NA,"EXP13597",NA,"VIRUS NEUTRALIZATION","Parsed",2799
"621","ES770720",NA,"EXP13597",NA,"VIRUS NEUTRALIZATION","Parsed",2799
"622","ES770721",NA,"EXP13597",NA,"VIRUS NEUTRALIZATION","Parsed",2799
"623","ES770722",NA,"EXP13597",NA,"VIRUS NEUTRALIZATION","Parsed",2799
"624","ES770723",NA,"EXP13597",NA,"VIRUS NEUTRALIZATION","Parsed",2799
"625","ES770724",NA,"EXP13597",NA,"VIRUS NEUTRALIZATION","Parsed",2799
"626","ES770725",NA,"EXP13597",NA,"VIRUS NEUTRALIZATION","Parsed",2799
"627","ES770726",NA,"EXP13597",NA,"VIRUS NEUTRALIZATION","Parsed",2799
"628","ES770727",NA,"EXP13597",NA,"VIRUS NEUTRALIZATION","Parsed",2799
"629","ES770728",NA,"EXP13597",NA,"VIRUS NEUTRALIZATION","Parsed",2799
"630","ES770729",NA,"EXP13597",NA,"VIRUS NEUTRALIZATION","Parsed",2799
"631","ES770730",NA,"EXP13597",NA,"VIRUS NEUTRALIZATION","Parsed",2799
"632","ES770731",NA,"EXP13597",NA,"VIRUS NEUTRALIZATION","Parsed",2799
"633","ES770732",NA,"EXP13597",NA,"VIRUS NEUTRALIZATION","Parsed",2799
"634","ES770733",NA,"EXP13597",NA,"VIRUS NEUTRALIZATION","Parsed",2799
"635","ES770734",NA,"EXP13597",NA,"VIRUS NEUTRALIZATION","Parsed",2799
"636","ES770735",NA,"EXP13597",NA,"VIRUS NEUTRALIZATION","Parsed",2799
"637","ES770736",NA,"EXP13597",NA,"VIRUS NEUTRALIZATION","Parsed",2799
"638","ES770737",NA,"EXP13597",NA,"VIRUS NEUTRALIZATION","Parsed",2799
"639","ES770738",NA,"EXP13597",NA,"VIRUS NEUTRALIZATION","Parsed",2799
"640","ES770739",NA,"EXP13597",NA,"VIRUS NEUTRALIZATION","Parsed",2799
"641","ES770740",NA,"EXP13597",NA,"VIRUS NEUTRALIZATION","Parsed",2799
"642","ES770741",NA,"EXP13597",NA,"VIRUS NEUTRALIZATION","Parsed",2799
"643","ES770742",NA,"EXP13597",NA,"VIRUS NEUTRALIZATION","Parsed",2799
"644","ES770743",NA,"EXP13597",NA,"VIRUS NEUTRALIZATION","Parsed",2799
"645","ES770744",NA,"EXP13597",NA,"VIRUS NEUTRALIZATION","Parsed",2799
"646","ES770745",NA,"EXP13597",NA,"VIRUS NEUTRALIZATION","Parsed",2799
"647","ES770746",NA,"EXP13597",NA,"VIRUS NEUTRALIZATION","Parsed",2799
"648","ES770747",NA,"EXP13597",NA,"VIRUS NEUTRALIZATION","Parsed",2799
"649","ES770748",NA,"EXP13597",NA,"VIRUS NEUTRALIZATION","Parsed",2799
"650","ES770749",NA,"EXP13597",NA,"VIRUS NEUTRALIZATION","Parsed",2799
"651","ES770750",NA,"EXP13597",NA,"VIRUS NEUTRALIZATION","Parsed",2799
"652","ES770751",NA,"EXP13597",NA,"VIRUS NEUTRALIZATION","Parsed",2799
"653","ES770752",NA,"EXP13597",NA,"VIRUS NEUTRALIZATION","Parsed",2799
"654","ES770753",NA,"EXP13597",NA,"VIRUS NEUTRALIZATION","Parsed",2799
"655","ES770754",NA,"EXP13597",NA,"VIRUS NEUTRALIZATION","Parsed",2799
"656","ES770755",NA,"EXP13597",NA,"VIRUS NEUTRALIZATION","Parsed",2799
"657","ES770756",NA,"EXP13597",NA,"VIRUS NEUTRALIZATION","Parsed",2799
"658","ES770757",NA,"EXP13597",NA,"VIRUS NEUTRALIZATION","Parsed",2799
"659","ES770758",NA,"EXP13597",NA,"VIRUS NEUTRALIZATION","Parsed",2799
"660","ES770759",NA,"EXP13597",NA,"VIRUS NEUTRALIZATION","Parsed",2799
"661","ES770760",NA,"EXP13597",NA,"VIRUS NEUTRALIZATION","Parsed",2799
"662","ES770761",NA,"EXP13597",NA,"VIRUS NEUTRALIZATION","Parsed",2799
"663","ES770762",NA,"EXP13597",NA,"VIRUS NEUTRALIZATION","Parsed",2799
"664","ES770763",NA,"EXP13597",NA,"VIRUS NEUTRALIZATION","Parsed",2799
"665","ES770764",NA,"EXP13597",NA,"VIRUS NEUTRALIZATION","Parsed",2799
"666","ES770765",NA,"EXP13597",NA,"VIRUS NEUTRALIZATION","Parsed",2799
"667","ES770766",NA,"EXP13597",NA,"VIRUS NEUTRALIZATION","Parsed",2799
"668","ES770767",NA,"EXP13597",NA,"VIRUS NEUTRALIZATION","Parsed",2799
"669","ES770768",NA,"EXP13597",NA,"VIRUS NEUTRALIZATION","Parsed",2799
"670","ES770769",NA,"EXP13597",NA,"VIRUS NEUTRALIZATION","Parsed",2799
"671","ES770770",NA,"EXP13597",NA,"VIRUS NEUTRALIZATION","Parsed",2799
"672","ES770771",NA,"EXP13597",NA,"VIRUS NEUTRALIZATION","Parsed",2799
"673","ES770772",NA,"EXP13597",NA,"VIRUS NEUTRALIZATION","Parsed",2799
"674","ES770773",NA,"EXP13597",NA,"VIRUS NEUTRALIZATION","Parsed",2799
"675","ES770774",NA,"EXP13597",NA,"VIRUS NEUTRALIZATION","Parsed",2799
"676","ES770775",NA,"EXP13597",NA,"VIRUS NEUTRALIZATION","Parsed",2799
"677","ES770776",NA,"EXP13597",NA,"VIRUS NEUTRALIZATION","Parsed",2799
"678","ES770777",NA,"EXP13597",NA,"VIRUS NEUTRALIZATION","Parsed",2799
"679","ES770778",NA,"EXP13597",NA,"VIRUS NEUTRALIZATION","Parsed",2799
"680","ES770779",NA,"EXP13597",NA,"VIRUS NEUTRALIZATION","Parsed",2799
"681","ES770780",NA,"EXP13597",NA,"VIRUS NEUTRALIZATION","Parsed",2799
"682","ES770781",NA,"EXP13597",NA,"VIRUS NEUTRALIZATION","Parsed",2799
"683","ES770782",NA,"EXP13597",NA,"VIRUS NEUTRALIZATION","Parsed",2799
"684","ES770783",NA,"EXP13597",NA,"VIRUS NEUTRALIZATION","Parsed",2799
"685","ES770784",NA,"EXP13597",NA,"VIRUS NEUTRALIZATION","Parsed",2799
"686","ES770785",NA,"EXP13597",NA,"VIRUS NEUTRALIZATION","Parsed",2799
"687","ES770786",NA,"EXP13597",NA,"VIRUS NEUTRALIZATION","Parsed",2799
"688","ES770787",NA,"EXP13597",NA,"VIRUS NEUTRALIZATION","Parsed",2799
"689","ES770788",NA,"EXP13597",NA,"VIRUS NEUTRALIZATION","Parsed",2799
"690","ES770789",NA,"EXP13597",NA,"VIRUS NEUTRALIZATION","Parsed",2799
"691","ES770790",NA,"EXP13597",NA,"VIRUS NEUTRALIZATION","Parsed",2799
"692","ES770791",NA,"EXP13597",NA,"VIRUS NEUTRALIZATION","Parsed",2799
"693","ES770792",NA,"EXP13597",NA,"VIRUS NEUTRALIZATION","Parsed",2799
"694","ES789718",NA,"EXP13728",NA,"OTHER","Not_Parsed",2799
"695","ES789719",NA,"EXP13728",NA,"OTHER","Not_Parsed",2799
"696","ES789720",NA,"EXP13728",NA,"OTHER","Not_Parsed",2799
"697","ES789721",NA,"EXP13728",NA,"OTHER","Not_Parsed",2799
"698","ES789722",NA,"EXP13728",NA,"OTHER","Not_Parsed",2799
"699","ES789723",NA,"EXP13728",NA,"OTHER","Not_Parsed",2799
"700","ES789724",NA,"EXP13728",NA,"OTHER","Not_Parsed",2799
"701","ES789725",NA,"EXP13728",NA,"OTHER","Not_Parsed",2799
"702","ES789726",NA,"EXP13728",NA,"OTHER","Not_Parsed",2799
"703","ES789727",NA,"EXP13728",NA,"OTHER","Not_Parsed",2799
"704","ES789728",NA,"EXP13728",NA,"OTHER","Not_Parsed",2799
"705","ES789729",NA,"EXP13728",NA,"OTHER","Not_Parsed",2799
"706","ES789730",NA,"EXP13728",NA,"OTHER","Not_Parsed",2799
"707","ES789731",NA,"EXP13728",NA,"OTHER","Not_Parsed",2799
"708","ES789732",NA,"EXP13728",NA,"OTHER","Not_Parsed",2799
"709","ES789733",NA,"EXP13728",NA,"OTHER","Not_Parsed",2799
"710","ES789734",NA,"EXP13728",NA,"OTHER","Not_Parsed",2799
"711","ES789735",NA,"EXP13728",NA,"OTHER","Not_Parsed",2799
"712","ES789736",NA,"EXP13728",NA,"OTHER","Not_Parsed",2799
"713","ES789737",NA,"EXP13728",NA,"OTHER","Not_Parsed",2799
"714","ES789738",NA,"EXP13728",NA,"OTHER","Not_Parsed",2799
"715","ES789739",NA,"EXP13728",NA,"OTHER","Not_Parsed",2799
"716","ES789740",NA,"EXP13728",NA,"OTHER","Not_Parsed",2799
"717","ES789741",NA,"EXP13728",NA,"OTHER","Not_Parsed",2799
"718","ES789742",NA,"EXP13728",NA,"OTHER","Not_Parsed",2799
"719","ES789743",NA,"EXP13728",NA,"OTHER","Not_Parsed",2799
"720","ES789744",NA,"EXP13728",NA,"OTHER","Not_Parsed",2799
"721","ES789745",NA,"EXP13728",NA,"OTHER","Not_Parsed",2799
"722","ES789746",NA,"EXP13728",NA,"OTHER","Not_Parsed",2799
"723","ES789747",NA,"EXP13728",NA,"OTHER","Not_Parsed",2799
"724","ES789748",NA,"EXP13728",NA,"OTHER","Not_Parsed",2799
"725","ES789749",NA,"EXP13728",NA,"OTHER","Not_Parsed",2799
"726","ES789750",NA,"EXP13728",NA,"OTHER","Not_Parsed",2799
"727","ES789751",NA,"EXP13728",NA,"OTHER","Not_Parsed",2799
"728","ES789752",NA,"EXP13728",NA,"OTHER","Not_Parsed",2799
"729","ES789753",NA,"EXP13728",NA,"OTHER","Not_Parsed",2799
"730","ES789754",NA,"EXP13728",NA,"OTHER","Not_Parsed",2799
"731","ES789755",NA,"EXP13728",NA,"OTHER","Not_Parsed",2799
"732","ES789756",NA,"EXP13728",NA,"OTHER","Not_Parsed",2799
"733","ES789757",NA,"EXP13728",NA,"OTHER","Not_Parsed",2799
"734","ES789758",NA,"EXP13728",NA,"OTHER","Not_Parsed",2799
"735","ES789759",NA,"EXP13728",NA,"OTHER","Not_Parsed",2799
"736","ES789760",NA,"EXP13728",NA,"OTHER","Not_Parsed",2799
"737","ES789761",NA,"EXP13728",NA,"OTHER","Not_Parsed",2799
"738","ES789762",NA,"EXP13728",NA,"OTHER","Not_Parsed",2799
"739","ES789763",NA,"EXP13728",NA,"OTHER","Not_Parsed",2799
"740","ES789764",NA,"EXP13728",NA,"OTHER","Not_Parsed",2799
"741","ES789765",NA,"EXP13728",NA,"OTHER","Not_Parsed",2799
"742","ES789766",NA,"EXP13728",NA,"OTHER","Not_Parsed",2799
"743","ES789767",NA,"EXP13728",NA,"OTHER","Not_Parsed",2799
"744","ES789768",NA,"EXP13728",NA,"OTHER","Not_Parsed",2799
"745","ES789769",NA,"EXP13728",NA,"OTHER","Not_Parsed",2799
"746","ES789770",NA,"EXP13728",NA,"OTHER","Not_Parsed",2799
"747","ES789771",NA,"EXP13728",NA,"OTHER","Not_Parsed",2799
"748","ES789772",NA,"EXP13728",NA,"OTHER","Not_Parsed",2799
"749","ES789773",NA,"EXP13728",NA,"OTHER","Not_Parsed",2799
"750","ES789774",NA,"EXP13728",NA,"OTHER","Not_Parsed",2799
"751","ES789775",NA,"EXP13728",NA,"OTHER","Not_Parsed",2799
"752","ES789776",NA,"EXP13728",NA,"OTHER","Not_Parsed",2799
"753","ES789777",NA,"EXP13728",NA,"OTHER","Not_Parsed",2799
"754","ES789778",NA,"EXP13728",NA,"OTHER","Not_Parsed",2799
"755","ES789779",NA,"EXP13728",NA,"OTHER","Not_Parsed",2799
"756","ES789780",NA,"EXP13728",NA,"OTHER","Not_Parsed",2799
"757","ES789781",NA,"EXP13728",NA,"OTHER","Not_Parsed",2799
"758","ES789782",NA,"EXP13728",NA,"OTHER","Not_Parsed",2799
"759","ES789783",NA,"EXP13728",NA,"OTHER","Not_Parsed",2799
"760","ES789784",NA,"EXP13728",NA,"OTHER","Not_Parsed",2799
"761","ES789785",NA,"EXP13728",NA,"OTHER","Not_Parsed",2799
"762","ES789786",NA,"EXP13728",NA,"OTHER","Not_Parsed",2799
"763","ES789787",NA,"EXP13728",NA,"OTHER","Not_Parsed",2799
"764","ES789788",NA,"EXP13728",NA,"OTHER","Not_Parsed",2799
"765","ES789789",NA,"EXP13728",NA,"OTHER","Not_Parsed",2799
"766","ES789790",NA,"EXP13728",NA,"OTHER","Not_Parsed",2799
"767","ES789791",NA,"EXP13728",NA,"OTHER","Not_Parsed",2799
"768","ES789792",NA,"EXP13728",NA,"OTHER","Not_Parsed",2799
"769","ES789793",NA,"EXP13728",NA,"OTHER","Not_Parsed",2799
"770","ES789794",NA,"EXP13728",NA,"OTHER","Not_Parsed",2799
"771","ES789795",NA,"EXP13728",NA,"OTHER","Not_Parsed",2799
"772","ES789796",NA,"EXP13728",NA,"OTHER","Not_Parsed",2799
"773","ES789797",NA,"EXP13728",NA,"OTHER","Not_Parsed",2799
"774","ES789798",NA,"EXP13728",NA,"OTHER","Not_Parsed",2799
"775","ES789799",NA,"EXP13728",NA,"OTHER","Not_Parsed",2799
"776","ES789800",NA,"EXP13728",NA,"OTHER","Not_Parsed",2799
"777","ES789801",NA,"EXP13728",NA,"OTHER","Not_Parsed",2799
"778","ES789802",NA,"EXP13728",NA,"OTHER","Not_Parsed",2799
"779","ES789803",NA,"EXP13728",NA,"OTHER","Not_Parsed",2799
"780","ES789804",NA,"EXP13728",NA,"OTHER","Not_Parsed",2799
"781","ES789805",NA,"EXP13728",NA,"OTHER","Not_Parsed",2799
"782","ES789806",NA,"EXP13728",NA,"OTHER","Not_Parsed",2799
"783","ES789807",NA,"EXP13728",NA,"OTHER","Not_Parsed",2799
"784","ES789808",NA,"EXP13728",NA,"OTHER","Not_Parsed",2799
"785","ES789809",NA,"EXP13728",NA,"OTHER","Not_Parsed",2799
"786","ES789810",NA,"EXP13728",NA,"OTHER","Not_Parsed",2799
"787","ES789811",NA,"EXP13728",NA,"OTHER","Not_Parsed",2799
"788","ES789812",NA,"EXP13728",NA,"OTHER","Not_Parsed",2799
"789","ES789813",NA,"EXP13728",NA,"OTHER","Not_Parsed",2799
"790","ES789814",NA,"EXP13728",NA,"OTHER","Not_Parsed",2799
"791","ES789815",NA,"EXP13728",NA,"OTHER","Not_Parsed",2799
"792","ES789816",NA,"EXP13728",NA,"OTHER","Not_Parsed",2799
"793","ES789817",NA,"EXP13728",NA,"OTHER","Not_Parsed",2799
"794","ES789818",NA,"EXP13728",NA,"OTHER","Not_Parsed",2799
"795","ES789819",NA,"EXP13728",NA,"OTHER","Not_Parsed",2799
"796","ES789820",NA,"EXP13728",NA,"OTHER","Not_Parsed",2799
"797","ES789821",NA,"EXP13728",NA,"OTHER","Not_Parsed",2799
"798","ES789822",NA,"EXP13728",NA,"OTHER","Not_Parsed",2799
"799","ES789823",NA,"EXP13728",NA,"OTHER","Not_Parsed",2799
"800","ES789824",NA,"EXP13728",NA,"OTHER","Not_Parsed",2799
"801","ES789825",NA,"EXP13728",NA,"OTHER","Not_Parsed",2799
"802","ES798660",NA,"EXP13594",NA,"FCM","Parsed",2799
"803","ES798661",NA,"EXP13594",NA,"FCM","Parsed",2799
"804","ES798662",NA,"EXP13594",NA,"FCM","Parsed",2799
"805","ES798663",NA,"EXP13594",NA,"FCM","Parsed",2799
"806","ES798664",NA,"EXP13594",NA,"FCM","Parsed",2799
"807","ES798665",NA,"EXP13594",NA,"FCM","Parsed",2799
"808","ES798666",NA,"EXP13594",NA,"FCM","Parsed",2799
"809","ES798667",NA,"EXP13594",NA,"FCM","Parsed",2799
"810","ES798668",NA,"EXP13594",NA,"FCM","Parsed",2799
"811","ES798669",NA,"EXP13594",NA,"FCM","Parsed",2799
"812","ES798670",NA,"EXP13594",NA,"FCM","Parsed",2799
"813","ES798671",NA,"EXP13594",NA,"FCM","Parsed",2799
"814","ES798672",NA,"EXP13594",NA,"FCM","Parsed",2799
"815","ES798673",NA,"EXP13594",NA,"FCM","Parsed",2799
"816","ES798674",NA,"EXP13594",NA,"FCM","Parsed",2799
"817","ES798675",NA,"EXP13594",NA,"FCM","Parsed",2799
"818","ES798676",NA,"EXP13594",NA,"FCM","Parsed",2799
"819","ES798677",NA,"EXP13594",NA,"FCM","Parsed",2799
"820","ES798678",NA,"EXP13594",NA,"FCM","Parsed",2799
"821","ES798679",NA,"EXP13594",NA,"FCM","Parsed",2799
"822","ES798680",NA,"EXP13594",NA,"FCM","Parsed",2799
"823","ES798681",NA,"EXP13594",NA,"FCM","Parsed",2799
"824","ES798682",NA,"EXP13594",NA,"FCM","Parsed",2799
"825","ES798683",NA,"EXP13594",NA,"FCM","Parsed",2799
"826","ES798684",NA,"EXP13594",NA,"FCM","Parsed",2799
"827","ES798685",NA,"EXP13594",NA,"FCM","Parsed",2799
"828","ES798686",NA,"EXP13594",NA,"FCM","Parsed",2799
"829","ES798687",NA,"EXP13594",NA,"FCM","Parsed",2799
"830","ES798688",NA,"EXP13594",NA,"FCM","Parsed",2799
"831","ES798689",NA,"EXP13594",NA,"FCM","Parsed",2799
"832","ES798690",NA,"EXP13594",NA,"FCM","Parsed",2799
"833","ES798691",NA,"EXP13594",NA,"FCM","Parsed",2799
"834","ES798692",NA,"EXP13594",NA,"FCM","Parsed",2799
"835","ES798693",NA,"EXP13594",NA,"FCM","Parsed",2799
"836","ES798694",NA,"EXP13594",NA,"FCM","Parsed",2799
"837","ES798695",NA,"EXP13594",NA,"FCM","Parsed",2799
"838","ES798696",NA,"EXP13594",NA,"FCM","Parsed",2799
"839","ES798697",NA,"EXP13594",NA,"FCM","Parsed",2799
"840","ES798698",NA,"EXP13594",NA,"FCM","Parsed",2799
"841","ES798699",NA,"EXP13594",NA,"FCM","Parsed",2799
"842","ES798700",NA,"EXP13594",NA,"FCM","Parsed",2799
"843","ES798701",NA,"EXP13594",NA,"FCM","Parsed",2799
"844","ES798702",NA,"EXP13594",NA,"FCM","Parsed",2799
"845","ES798703",NA,"EXP13594",NA,"FCM","Parsed",2799
"846","ES798704",NA,"EXP13594",NA,"FCM","Parsed",2799
"847","ES798705",NA,"EXP13594",NA,"FCM","Parsed",2799
"848","ES798706",NA,"EXP13594",NA,"FCM","Parsed",2799
"849","ES798707",NA,"EXP13594",NA,"FCM","Parsed",2799
"850","ES798708",NA,"EXP13594",NA,"FCM","Parsed",2799
"851","ES798709",NA,"EXP13594",NA,"FCM","Parsed",2799
"852","ES798710",NA,"EXP13594",NA,"FCM","Parsed",2799
"853","ES798711",NA,"EXP13594",NA,"FCM","Parsed",2799
"854","ES798712",NA,"EXP13594",NA,"FCM","Parsed",2799
"855","ES798713",NA,"EXP13594",NA,"FCM","Parsed",2799
"856","ES798714",NA,"EXP13594",NA,"FCM","Parsed",2799
"857","ES798715",NA,"EXP13594",NA,"FCM","Parsed",2799
"858","ES798716",NA,"EXP13594",NA,"FCM","Parsed",2799
"859","ES798717",NA,"EXP13594",NA,"FCM","Parsed",2799
"860","ES798718",NA,"EXP13594",NA,"FCM","Parsed",2799
"861","ES798719",NA,"EXP13594",NA,"FCM","Parsed",2799
"862","ES798720",NA,"EXP13594",NA,"FCM","Parsed",2799
"863","ES798721",NA,"EXP13594",NA,"FCM","Parsed",2799
"864","ES798722",NA,"EXP13594",NA,"FCM","Parsed",2799
"865","ES798723",NA,"EXP13594",NA,"FCM","Parsed",2799
"866","ES798724",NA,"EXP13594",NA,"FCM","Parsed",2799
"867","ES798725",NA,"EXP13594",NA,"FCM","Parsed",2799
"868","ES798726",NA,"EXP13594",NA,"FCM","Parsed",2799
"869","ES798727",NA,"EXP13594",NA,"FCM","Parsed",2799
"870","ES798728",NA,"EXP13594",NA,"FCM","Parsed",2799
"871","ES798729",NA,"EXP13594",NA,"FCM","Parsed",2799
"872","ES798730",NA,"EXP13594",NA,"FCM","Parsed",2799
"873","ES798731",NA,"EXP13594",NA,"FCM","Parsed",2799
"874","ES798732",NA,"EXP13594",NA,"FCM","Parsed",2799
"875","ES798733",NA,"EXP13594",NA,"FCM","Parsed",2799
"876","ES798734",NA,"EXP13594",NA,"FCM","Parsed",2799
"877","ES798735",NA,"EXP13594",NA,"FCM","Parsed",2799
"878","ES798736",NA,"EXP13594",NA,"FCM","Parsed",2799
"879","ES798737",NA,"EXP13594",NA,"FCM","Parsed",2799
"880","ES798738",NA,"EXP13594",NA,"FCM","Parsed",2799
"881","ES798739",NA,"EXP13594",NA,"FCM","Parsed",2799
"882","ES798740",NA,"EXP13594",NA,"FCM","Parsed",2799
"883","ES798741",NA,"EXP13594",NA,"FCM","Parsed",2799
"884","ES798742",NA,"EXP13594",NA,"FCM","Parsed",2799
"885","ES798743",NA,"EXP13594",NA,"FCM","Parsed",2799
"886","ES798744",NA,"EXP13594",NA,"FCM","Parsed",2799
"887","ES798745",NA,"EXP13594",NA,"FCM","Parsed",2799
"888","ES798746",NA,"EXP13594",NA,"FCM","Parsed",2799
"889","ES798747",NA,"EXP13594",NA,"FCM","Parsed",2799
"890","ES798748",NA,"EXP13594",NA,"FCM","Parsed",2799
"891","ES798749",NA,"EXP13594",NA,"FCM","Parsed",2799
"892","ES798750",NA,"EXP13594",NA,"FCM","Parsed",2799
"893","ES798751",NA,"EXP13594",NA,"FCM","Parsed",2799
"894","ES798752",NA,"EXP13594",NA,"FCM","Parsed",2799
"895","ES798753",NA,"EXP13594",NA,"FCM","Parsed",2799
"896","ES798754",NA,"EXP13594",NA,"FCM","Parsed",2799
"897","ES798755",NA,"EXP13594",NA,"FCM","Parsed",2799
"898","ES798756",NA,"EXP13594",NA,"FCM","Parsed",2799
"899","ES798757",NA,"EXP13594",NA,"FCM","Parsed",2799
"900","ES798758",NA,"EXP13594",NA,"FCM","Parsed",2799
"901","ES798759",NA,"EXP13594",NA,"FCM","Parsed",2799
"902","ES798760",NA,"EXP13594",NA,"FCM","Parsed",2799
"903","ES798761",NA,"EXP13594",NA,"FCM","Parsed",2799
"904","ES798762",NA,"EXP13594",NA,"FCM","Parsed",2799
"905","ES798763",NA,"EXP13594",NA,"FCM","Parsed",2799
"906","ES798764",NA,"EXP13594",NA,"FCM","Parsed",2799
"907","ES798765",NA,"EXP13594",NA,"FCM","Parsed",2799
"908","ES798766",NA,"EXP13594",NA,"FCM","Parsed",2799
"909","ES798767",NA,"EXP13594",NA,"FCM","Parsed",2799
"910","ES798768",NA,"EXP13594",NA,"FCM","Parsed",2799
"911","ES798769",NA,"EXP13594",NA,"FCM","Parsed",2799
"912","ES798770",NA,"EXP13594",NA,"FCM","Parsed",2799
"913","ES798771",NA,"EXP13594",NA,"FCM","Parsed",2799
"914","ES798772",NA,"EXP13594",NA,"FCM","Parsed",2799
"915","ES798773",NA,"EXP13594",NA,"FCM","Parsed",2799
"916","ES798774",NA,"EXP13594",NA,"FCM","Parsed",2799
"917","ES798775",NA,"EXP13594",NA,"FCM","Parsed",2799
"918","ES798776",NA,"EXP13594",NA,"FCM","Parsed",2799
"919","ES798777",NA,"EXP13594",NA,"FCM","Parsed",2799
"920","ES798778",NA,"EXP13594",NA,"FCM","Parsed",2799
"921","ES798779",NA,"EXP13594",NA,"FCM","Parsed",2799
"922","ES798780",NA,"EXP13594",NA,"FCM","Parsed",2799
"923","ES798781",NA,"EXP13594",NA,"FCM","Parsed",2799
"924","ES798782",NA,"EXP13594",NA,"FCM","Parsed",2799
"925","ES798783",NA,"EXP13594",NA,"FCM","Parsed",2799
"926","ES798784",NA,"EXP13594",NA,"FCM","Parsed",2799
"927","ES798785",NA,"EXP13594",NA,"FCM","Parsed",2799
"928","ES798786",NA,"EXP13594",NA,"FCM","Parsed",2799
"929","ES798787",NA,"EXP13594",NA,"FCM","Parsed",2799
"930","ES798788",NA,"EXP13594",NA,"FCM","Parsed",2799
"931","ES798789",NA,"EXP13594",NA,"FCM","Parsed",2799
"932","ES798790",NA,"EXP13594",NA,"FCM","Parsed",2799
"933","ES798791",NA,"EXP13594",NA,"FCM","Parsed",2799
"934","ES798792",NA,"EXP13594",NA,"FCM","Parsed",2799
"935","ES798793",NA,"EXP13594",NA,"FCM","Parsed",2799
"936","ES798794",NA,"EXP13594",NA,"FCM","Parsed",2799
"937","ES798795",NA,"EXP13594",NA,"FCM","Parsed",2799
"938","ES798796",NA,"EXP13594",NA,"FCM","Parsed",2799
"939","ES798797",NA,"EXP13594",NA,"FCM","Parsed",2799
"940","ES798798",NA,"EXP13594",NA,"FCM","Parsed",2799
"941","ES798799",NA,"EXP13594",NA,"FCM","Parsed",2799
"942","ES798800",NA,"EXP13594",NA,"FCM","Parsed",2799
"943","ES798801",NA,"EXP13594",NA,"FCM","Parsed",2799
"944","ES798802",NA,"EXP13594",NA,"FCM","Parsed",2799
"945","ES798803",NA,"EXP13594",NA,"FCM","Parsed",2799
"946","ES798804",NA,"EXP13594",NA,"FCM","Parsed",2799
"947","ES798805",NA,"EXP13594",NA,"FCM","Parsed",2799
"948","ES798806",NA,"EXP13594",NA,"FCM","Parsed",2799
"949","ES798807",NA,"EXP13594",NA,"FCM","Parsed",2799
"950","ES798808",NA,"EXP13594",NA,"FCM","Parsed",2799
"951","ES798809",NA,"EXP13594",NA,"FCM","Parsed",2799
"952","ES798810",NA,"EXP13594",NA,"FCM","Parsed",2799
"953","ES798811",NA,"EXP13594",NA,"FCM","Parsed",2799
"954","ES798812",NA,"EXP13594",NA,"FCM","Parsed",2799
"955","ES798813",NA,"EXP13594",NA,"FCM","Parsed",2799
"956","ES798814",NA,"EXP13594",NA,"FCM","Parsed",2799
"957","ES798815",NA,"EXP13594",NA,"FCM","Parsed",2799
"958","ES798816",NA,"EXP13594",NA,"FCM","Parsed",2799
"959","ES798817",NA,"EXP13594",NA,"FCM","Parsed",2799
"960","ES798818",NA,"EXP13594",NA,"FCM","Parsed",2799
"961","ES798819",NA,"EXP13594",NA,"FCM","Parsed",2799
"962","ES798820",NA,"EXP13594",NA,"FCM","Parsed",2799
"963","ES798821",NA,"EXP13594",NA,"FCM","Parsed",2799
"964","ES798822",NA,"EXP13594",NA,"FCM","Parsed",2799
"965","ES798823",NA,"EXP13594",NA,"FCM","Parsed",2799
"966","ES798824",NA,"EXP13594",NA,"FCM","Parsed",2799
"967","ES798825",NA,"EXP13594",NA,"FCM","Parsed",2799
"968","ES798826",NA,"EXP13594",NA,"FCM","Parsed",2799
"969","ES798827",NA,"EXP13594",NA,"FCM","Parsed",2799
"970","ES798828",NA,"EXP13594",NA,"FCM","Parsed",2799
"971","ES798829",NA,"EXP13594",NA,"FCM","Parsed",2799
"972","ES798830",NA,"EXP13594",NA,"FCM","Parsed",2799
"973","ES798831",NA,"EXP13594",NA,"FCM","Parsed",2799
"974","ES798832",NA,"EXP13594",NA,"FCM","Parsed",2799
"975","ES798833",NA,"EXP13594",NA,"FCM","Parsed",2799
"976","ES798834",NA,"EXP13594",NA,"FCM","Parsed",2799
"977","ES798835",NA,"EXP13594",NA,"FCM","Parsed",2799
"978","ES798836",NA,"EXP13594",NA,"FCM","Parsed",2799
"979","ES798837",NA,"EXP13594",NA,"FCM","Parsed",2799
"980","ES798838",NA,"EXP13594",NA,"FCM","Parsed",2799
"981","ES798839",NA,"EXP13594",NA,"FCM","Parsed",2799
"982","ES798840",NA,"EXP13594",NA,"FCM","Parsed",2799
"983","ES798841",NA,"EXP13594",NA,"FCM","Parsed",2799
"984","ES798842",NA,"EXP13594",NA,"FCM","Parsed",2799
"985","ES798843",NA,"EXP13594",NA,"FCM","Parsed",2799
"986","ES798844",NA,"EXP13594",NA,"FCM","Parsed",2799
"987","ES798845",NA,"EXP13594",NA,"FCM","Parsed",2799
"988","ES798846",NA,"EXP13594",NA,"FCM","Parsed",2799
"989","ES798847",NA,"EXP13594",NA,"FCM","Parsed",2799
"990","ES798848",NA,"EXP13594",NA,"FCM","Parsed",2799
"991","ES798849",NA,"EXP13594",NA,"FCM","Parsed",2799
"992","ES798850",NA,"EXP13594",NA,"FCM","Parsed",2799
"993","ES798851",NA,"EXP13594",NA,"FCM","Parsed",2799
"994","ES798852",NA,"EXP13594",NA,"FCM","Parsed",2799
"995","ES798853",NA,"EXP13594",NA,"FCM","Parsed",2799
"996","ES798854",NA,"EXP13594",NA,"FCM","Parsed",2799
"997","ES798855",NA,"EXP13594",NA,"FCM","Parsed",2799
"998","ES798856",NA,"EXP13594",NA,"FCM","Parsed",2799
"999","ES798857",NA,"EXP13594",NA,"FCM","Parsed",2799
"1000","ES798858",NA,"EXP13594",NA,"FCM","Parsed",2799
"1001","ES798859",NA,"EXP13594",NA,"FCM","Parsed",2799
"1002","ES798860",NA,"EXP13594",NA,"FCM","Parsed",2799
"1003","ES798861",NA,"EXP13594",NA,"FCM","Parsed",2799
"1004","ES798862",NA,"EXP13594",NA,"FCM","Parsed",2799
"1005","ES798863",NA,"EXP13594",NA,"FCM","Parsed",2799
"1006","ES798864",NA,"EXP13594",NA,"FCM","Parsed",2799
"1007","ES798865",NA,"EXP13594",NA,"FCM","Parsed",2799
"1008","ES798866",NA,"EXP13594",NA,"FCM","Parsed",2799
"1009","ES798867",NA,"EXP13594",NA,"FCM","Parsed",2799
"1010","ES798868",NA,"EXP13594",NA,"FCM","Parsed",2799
"1011","ES798869",NA,"EXP13594",NA,"FCM","Parsed",2799
"1012","ES798870",NA,"EXP13594",NA,"FCM","Parsed",2799
"1013","ES798871",NA,"EXP13594",NA,"FCM","Parsed",2799
"1014","ES798872",NA,"EXP13594",NA,"FCM","Parsed",2799
"1015","ES798873",NA,"EXP13594",NA,"FCM","Parsed",2799
"1016","ES798874",NA,"EXP13594",NA,"FCM","Parsed",2799
"1017","ES798875",NA,"EXP13594",NA,"FCM","Parsed",2799
"1018","ES798876",NA,"EXP13594",NA,"FCM","Parsed",2799
"1019","ES798877",NA,"EXP13594",NA,"FCM","Parsed",2799
"1020","ES798878",NA,"EXP13594",NA,"FCM","Parsed",2799
"1021","ES798879",NA,"EXP13594",NA,"FCM","Parsed",2799
"1022","ES798880",NA,"EXP13594",NA,"FCM","Parsed",2799
"1023","ES798881",NA,"EXP13594",NA,"FCM","Parsed",2799
"1024","ES798882",NA,"EXP13594",NA,"FCM","Parsed",2799
"1025","ES798883",NA,"EXP13594",NA,"FCM","Parsed",2799
"1026","ES798884",NA,"EXP13594",NA,"FCM","Parsed",2799
"1027","ES798885",NA,"EXP13594",NA,"FCM","Parsed",2799
"1028","ES798886",NA,"EXP13594",NA,"FCM","Parsed",2799
"1029","ES798887",NA,"EXP13594",NA,"FCM","Parsed",2799
"1030","ES798888",NA,"EXP13594",NA,"FCM","Parsed",2799
"1031","ES798889",NA,"EXP13594",NA,"FCM","Parsed",2799
"1032","ES798890",NA,"EXP13594",NA,"FCM","Parsed",2799
"1033","ES798891",NA,"EXP13594",NA,"FCM","Parsed",2799
"1034","ES798892",NA,"EXP13594",NA,"FCM","Parsed",2799
"1035","ES798893",NA,"EXP13594",NA,"FCM","Parsed",2799
"1036","ES798894",NA,"EXP13594",NA,"FCM","Parsed",2799
"1037","ES798895",NA,"EXP13594",NA,"FCM","Parsed",2799
"1038","ES798896",NA,"EXP13594",NA,"FCM","Parsed",2799
"1039","ES798897",NA,"EXP13594",NA,"FCM","Parsed",2799
"1040","ES798898",NA,"EXP13594",NA,"FCM","Parsed",2799
"1041","ES798899",NA,"EXP13594",NA,"FCM","Parsed",2799
"1042","ES798900",NA,"EXP13594",NA,"FCM","Parsed",2799
"1043","ES798901",NA,"EXP13594",NA,"FCM","Parsed",2799
"1044","ES798902",NA,"EXP13594",NA,"FCM","Parsed",2799
"1045","ES798903",NA,"EXP13594",NA,"FCM","Parsed",2799
"1046","ES798904",NA,"EXP13594",NA,"FCM","Parsed",2799
"1047","ES798905",NA,"EXP13594",NA,"FCM","Parsed",2799
"1048","ES798906",NA,"EXP13594",NA,"FCM","Parsed",2799
"1049","ES798907",NA,"EXP13594",NA,"FCM","Parsed",2799
"1050","ES798908",NA,"EXP13594",NA,"FCM","Parsed",2799
"1051","ES798909",NA,"EXP13594",NA,"FCM","Parsed",2799
"1052","ES798910",NA,"EXP13594",NA,"FCM","Parsed",2799
"1053","ES798911",NA,"EXP13594",NA,"FCM","Parsed",2799
"1054","ES798912",NA,"EXP13594",NA,"FCM","Parsed",2799
"1055","ES798913",NA,"EXP13594",NA,"FCM","Parsed",2799
"1056","ES798914",NA,"EXP13594",NA,"FCM","Parsed",2799
"1057","ES798915",NA,"EXP13594",NA,"FCM","Parsed",2799
"1058","ES798916",NA,"EXP13594",NA,"FCM","Parsed",2799
"1059","ES798917",NA,"EXP13594",NA,"FCM","Parsed",2799
"1060","ES798918",NA,"EXP13594",NA,"FCM","Parsed",2799
"1061","ES798919",NA,"EXP13594",NA,"FCM","Parsed",2799
"1062","ES798920",NA,"EXP13594",NA,"FCM","Parsed",2799
"1063","ES798921",NA,"EXP13594",NA,"FCM","Parsed",2799
"1064","ES798922",NA,"EXP13594",NA,"FCM","Parsed",2799
"1065","ES798923",NA,"EXP13594",NA,"FCM","Parsed",2799
"1066","ES798924",NA,"EXP13594",NA,"FCM","Parsed",2799
"1067","ES798925",NA,"EXP13594",NA,"FCM","Parsed",2799
"1068","ES798926",NA,"EXP13594",NA,"FCM","Parsed",2799
"1069","ES798927",NA,"EXP13594",NA,"FCM","Parsed",2799
"1070","ES798928",NA,"EXP13594",NA,"FCM","Parsed",2799
"1071","ES798929",NA,"EXP13594",NA,"FCM","Parsed",2799
"1072","ES798930",NA,"EXP13594",NA,"FCM","Parsed",2799
"1073","ES798931",NA,"EXP13594",NA,"FCM","Parsed",2799
"1074","ES798932",NA,"EXP13594",NA,"FCM","Parsed",2799
"1075","ES798933",NA,"EXP13594",NA,"FCM","Parsed",2799
"1076","ES798934",NA,"EXP13594",NA,"FCM","Parsed",2799
"1077","ES798935",NA,"EXP13594",NA,"FCM","Parsed",2799
"1078","ES798936",NA,"EXP13594",NA,"FCM","Parsed",2799
"1079","ES798937",NA,"EXP13594",NA,"FCM","Parsed",2799
"1080","ES798938",NA,"EXP13594",NA,"FCM","Parsed",2799
"1081","ES798939",NA,"EXP13594",NA,"FCM","Parsed",2799
"1082","ES798940",NA,"EXP13594",NA,"FCM","Parsed",2799
"1083","ES798941",NA,"EXP13594",NA,"FCM","Parsed",2799
"1084","ES798942",NA,"EXP13594",NA,"FCM","Parsed",2799
"1085","ES798943",NA,"EXP13594",NA,"FCM","Parsed",2799
"1086","ES798944",NA,"EXP13594",NA,"FCM","Parsed",2799
"1087","ES798945",NA,"EXP13594",NA,"FCM","Parsed",2799
"1088","ES798946",NA,"EXP13594",NA,"FCM","Parsed",2799
"1089","ES798947",NA,"EXP13594",NA,"FCM","Parsed",2799
"1090","ES798948",NA,"EXP13594",NA,"FCM","Parsed",2799
"1091","ES798949",NA,"EXP13594",NA,"FCM","Parsed",2799
"1092","ES798950",NA,"EXP13594",NA,"FCM","Parsed",2799
"1093","ES798951",NA,"EXP13594",NA,"FCM","Parsed",2799
"1094","ES798952",NA,"EXP13594",NA,"FCM","Parsed",2799
"1095","ES798953",NA,"EXP13594",NA,"FCM","Parsed",2799
"1096","ES798954",NA,"EXP13594",NA,"FCM","Parsed",2799
"1097","ES798955",NA,"EXP13594",NA,"FCM","Parsed",2799
"1098","ES798956",NA,"EXP13594",NA,"FCM","Parsed",2799
"1099","ES798957",NA,"EXP13594",NA,"FCM","Parsed",2799
"1100","ES798958",NA,"EXP13594",NA,"FCM","Parsed",2799
"1101","ES798959",NA,"EXP13594",NA,"FCM","Parsed",2799
"1102","ES798960",NA,"EXP13594",NA,"FCM","Parsed",2799
"1103","ES798961",NA,"EXP13594",NA,"FCM","Parsed",2799
"1104","ES798962",NA,"EXP13594",NA,"FCM","Parsed",2799
"1105","ES798963",NA,"EXP13594",NA,"FCM","Parsed",2799
"1106","ES798964",NA,"EXP13594",NA,"FCM","Parsed",2799
"1107","ES798965",NA,"EXP13594",NA,"FCM","Parsed",2799
"1108","ES798966",NA,"EXP13594",NA,"FCM","Parsed",2799
"1109","ES798967",NA,"EXP13594",NA,"FCM","Parsed",2799
"1110","ES798968",NA,"EXP13594",NA,"FCM","Parsed",2799
"1111","ES798969",NA,"EXP13594",NA,"FCM","Parsed",2799
"1112","ES798970",NA,"EXP13594",NA,"FCM","Parsed",2799
"1113","ES798971",NA,"EXP13594",NA,"FCM","Parsed",2799
"1114","ES798972",NA,"EXP13594",NA,"FCM","Parsed",2799
"1115","ES798973",NA,"EXP13594",NA,"FCM","Parsed",2799
"1116","ES798974",NA,"EXP13594",NA,"FCM","Parsed",2799
"1117","ES798975",NA,"EXP13594",NA,"FCM","Parsed",2799
"1118","ES798976",NA,"EXP13594",NA,"FCM","Parsed",2799
"1119","ES798977",NA,"EXP13594",NA,"FCM","Parsed",2799
"1120","ES798978",NA,"EXP13594",NA,"FCM","Parsed",2799
"1121","ES798979",NA,"EXP13594",NA,"FCM","Parsed",2799
"1122","ES798980",NA,"EXP13594",NA,"FCM","Parsed",2799
"1123","ES798981",NA,"EXP13594",NA,"FCM","Parsed",2799
"1124","ES798982",NA,"EXP13594",NA,"FCM","Parsed",2799
"1125","ES798983",NA,"EXP13594",NA,"FCM","Parsed",2799
"1126","ES798984",NA,"EXP13594",NA,"FCM","Parsed",2799
"1127","ES798985",NA,"EXP13594",NA,"FCM","Parsed",2799
"1128","ES798986",NA,"EXP13594",NA,"FCM","Parsed",2799
"1129","ES798987",NA,"EXP13594",NA,"FCM","Parsed",2799
"1130","ES798988",NA,"EXP13594",NA,"FCM","Parsed",2799
"1131","ES798989",NA,"EXP13594",NA,"FCM","Parsed",2799
"1132","ES798990",NA,"EXP13594",NA,"FCM","Parsed",2799
"1133","ES798991",NA,"EXP13594",NA,"FCM","Parsed",2799
"1134","ES798992",NA,"EXP13594",NA,"FCM","Parsed",2799
"1135","ES798993",NA,"EXP13594",NA,"FCM","Parsed",2799
"1136","ES798994",NA,"EXP13594",NA,"FCM","Parsed",2799
"1137","ES798995",NA,"EXP13594",NA,"FCM","Parsed",2799
"1138","ES798996",NA,"EXP13594",NA,"FCM","Parsed",2799
"1139","ES798997",NA,"EXP13594",NA,"FCM","Parsed",2799
"1140","ES798998",NA,"EXP13594",NA,"FCM","Parsed",2799
"1141","ES798999",NA,"EXP13594",NA,"FCM","Parsed",2799
"1142","ES799000",NA,"EXP13594",NA,"FCM","Parsed",2799
"1143","ES799001",NA,"EXP13594",NA,"FCM","Parsed",2799
"1144","ES799002",NA,"EXP13594",NA,"FCM","Parsed",2799
"1145","ES799003",NA,"EXP13594",NA,"FCM","Parsed",2799
"1146","ES799004",NA,"EXP13594",NA,"FCM","Parsed",2799
"1147","ES799005",NA,"EXP13594",NA,"FCM","Parsed",2799
"1148","ES799006",NA,"EXP13594",NA,"FCM","Parsed",2799
"1149","ES799007",NA,"EXP13594",NA,"FCM","Parsed",2799
"1150","ES799008",NA,"EXP13594",NA,"FCM","Parsed",2799
"1151","ES799009",NA,"EXP13594",NA,"FCM","Parsed",2799
"1152","ES799010",NA,"EXP13594",NA,"FCM","Parsed",2799
"1153","ES799011",NA,"EXP13594",NA,"FCM","Parsed",2799
"1154","ES799012",NA,"EXP13594",NA,"FCM","Parsed",2799
"1155","ES799013",NA,"EXP13594",NA,"FCM","Parsed",2799
"1156","ES799014",NA,"EXP13594",NA,"FCM","Parsed",2799
"1157","ES799015",NA,"EXP13594",NA,"FCM","Parsed",2799
"1158","ES799016",NA,"EXP13594",NA,"FCM","Parsed",2799
"1159","ES799017",NA,"EXP13594",NA,"FCM","Parsed",2799
"1160","ES799018",NA,"EXP13594",NA,"FCM","Parsed",2799
"1161","ES799019",NA,"EXP13594",NA,"FCM","Parsed",2799
"1162","ES799020",NA,"EXP13594",NA,"FCM","Parsed",2799
"1163","ES799021",NA,"EXP13594",NA,"FCM","Parsed",2799
"1164","ES799022",NA,"EXP13594",NA,"FCM","Parsed",2799
"1165","ES799023",NA,"EXP13594",NA,"FCM","Parsed",2799
"1166","ES799024",NA,"EXP13594",NA,"FCM","Parsed",2799
"1167","ES799025",NA,"EXP13594",NA,"FCM","Parsed",2799
"1168","ES799026",NA,"EXP13594",NA,"FCM","Parsed",2799
"1169","ES799027",NA,"EXP13594",NA,"FCM","Parsed",2799
"1170","ES799028",NA,"EXP13594",NA,"FCM","Parsed",2799
"1171","ES799029",NA,"EXP13594",NA,"FCM","Parsed",2799
"1172","ES799030",NA,"EXP13594",NA,"FCM","Parsed",2799
"1173","ES799031",NA,"EXP13594",NA,"FCM","Parsed",2799
"1174","ES799032",NA,"EXP13594",NA,"FCM","Parsed",2799
"1175","ES799033",NA,"EXP13594",NA,"FCM","Parsed",2799
"1176","ES799034",NA,"EXP13594",NA,"FCM","Parsed",2799
"1177","ES799035",NA,"EXP13594",NA,"FCM","Parsed",2799
"1178","ES799036",NA,"EXP13594",NA,"FCM","Parsed",2799
"1179","ES799037",NA,"EXP13594",NA,"FCM","Parsed",2799
"1180","ES799038",NA,"EXP13594",NA,"FCM","Parsed",2799
"1181","ES799039",NA,"EXP13594",NA,"FCM","Parsed",2799
"1182","ES799040",NA,"EXP13594",NA,"FCM","Parsed",2799
"1183","ES799041",NA,"EXP13594",NA,"FCM","Parsed",2799
"1184","ES799042",NA,"EXP13594",NA,"FCM","Parsed",2799
"1185","ES799043",NA,"EXP13594",NA,"FCM","Parsed",2799
"1186","ES799044",NA,"EXP13594",NA,"FCM","Parsed",2799
"1187","ES799045",NA,"EXP13594",NA,"FCM","Parsed",2799
"1188","ES799046",NA,"EXP13594",NA,"FCM","Parsed",2799
"1189","ES799047",NA,"EXP13594",NA,"FCM","Parsed",2799
"1190","ES799048",NA,"EXP13594",NA,"FCM","Parsed",2799
"1191","ES799049",NA,"EXP13594",NA,"FCM","Parsed",2799
"1192","ES799050",NA,"EXP13594",NA,"FCM","Parsed",2799
"1193","ES799051",NA,"EXP13594",NA,"FCM","Parsed",2799
"1194","ES799052",NA,"EXP13594",NA,"FCM","Parsed",2799
"1195","ES799053",NA,"EXP13594",NA,"FCM","Parsed",2799
"1196","ES799054",NA,"EXP13594",NA,"FCM","Parsed",2799
"1197","ES799055",NA,"EXP13594",NA,"FCM","Parsed",2799
"1198","ES799056",NA,"EXP13594",NA,"FCM","Parsed",2799
"1199","ES799057",NA,"EXP13594",NA,"FCM","Parsed",2799
"1200","ES799058",NA,"EXP13594",NA,"FCM","Parsed",2799
"1201","ES799059",NA,"EXP13594",NA,"FCM","Parsed",2799
"1202","ES799060",NA,"EXP13594",NA,"FCM","Parsed",2799
"1203","ES799061",NA,"EXP13594",NA,"FCM","Parsed",2799
"1204","ES799062",NA,"EXP13594",NA,"FCM","Parsed",2799
"1205","ES799063",NA,"EXP13594",NA,"FCM","Parsed",2799
"1206","ES799064",NA,"EXP13594",NA,"FCM","Parsed",2799
"1207","ES799065",NA,"EXP13594",NA,"FCM","Parsed",2799
"1208","ES799066",NA,"EXP13594",NA,"FCM","Parsed",2799
"1209","ES799067",NA,"EXP13594",NA,"FCM","Parsed",2799
"1210","ES799068",NA,"EXP13594",NA,"FCM","Parsed",2799
"1211","ES799069",NA,"EXP13594",NA,"FCM","Parsed",2799
"1212","ES799070",NA,"EXP13594",NA,"FCM","Parsed",2799
"1213","ES799071",NA,"EXP13594",NA,"FCM","Parsed",2799
"1214","ES799072",NA,"EXP13594",NA,"FCM","Parsed",2799
"1215","ES799073",NA,"EXP13594",NA,"FCM","Parsed",2799
"1216","ES799074",NA,"EXP13594",NA,"FCM","Parsed",2799
"1217","ES799075",NA,"EXP13594",NA,"FCM","Parsed",2799
"1218","ES799076",NA,"EXP13594",NA,"FCM","Parsed",2799
"1219","ES799077",NA,"EXP13594",NA,"FCM","Parsed",2799
"1220","ES799078",NA,"EXP13594",NA,"FCM","Parsed",2799
"1221","ES799079",NA,"EXP13594",NA,"FCM","Parsed",2799
"1222","ES799080",NA,"EXP13594",NA,"FCM","Parsed",2799
"1223","ES799081",NA,"EXP13594",NA,"FCM","Parsed",2799
"1224","ES799082",NA,"EXP13594",NA,"FCM","Parsed",2799
"1225","ES799083",NA,"EXP13594",NA,"FCM","Parsed",2799
"1226","ES799084",NA,"EXP13594",NA,"FCM","Parsed",2799
"1227","ES799085",NA,"EXP13594",NA,"FCM","Parsed",2799
"1228","ES799086",NA,"EXP13594",NA,"FCM","Parsed",2799
"1229","ES799087",NA,"EXP13594",NA,"FCM","Parsed",2799
"1230","ES799088",NA,"EXP13594",NA,"FCM","Parsed",2799
"1231","ES799089",NA,"EXP13594",NA,"FCM","Parsed",2799
"1232","ES799090",NA,"EXP13594",NA,"FCM","Parsed",2799
"1233","ES799091",NA,"EXP13594",NA,"FCM","Parsed",2799
"1234","ES799092",NA,"EXP13594",NA,"FCM","Parsed",2799
"1235","ES799093",NA,"EXP13594",NA,"FCM","Parsed",2799
"1236","ES799094",NA,"EXP13594",NA,"FCM","Parsed",2799
"1237","ES799095",NA,"EXP13594",NA,"FCM","Parsed",2799
"1238","ES799096",NA,"EXP13594",NA,"FCM","Parsed",2799
"1239","ES799097",NA,"EXP13594",NA,"FCM","Parsed",2799
"1240","ES799098",NA,"EXP13594",NA,"FCM","Parsed",2799
"1241","ES799099",NA,"EXP13594",NA,"FCM","Parsed",2799
"1242","ES799100",NA,"EXP13594",NA,"FCM","Parsed",2799
"1243","ES799101",NA,"EXP13594",NA,"FCM","Parsed",2799
"1244","ES799102",NA,"EXP13594",NA,"FCM","Parsed",2799
"1245","ES799103",NA,"EXP13594",NA,"FCM","Parsed",2799
"1246","ES799104",NA,"EXP13594",NA,"FCM","Parsed",2799
"1247","ES799105",NA,"EXP13594",NA,"FCM","Parsed",2799
"1248","ES799106",NA,"EXP13594",NA,"FCM","Parsed",2799
"1249","ES799107",NA,"EXP13594",NA,"FCM","Parsed",2799
"1250","ES799108",NA,"EXP13594",NA,"FCM","Parsed",2799
"1251","ES799109",NA,"EXP13594",NA,"FCM","Parsed",2799
"1252","ES799110",NA,"EXP13594",NA,"FCM","Parsed",2799
"1253","ES799111",NA,"EXP13594",NA,"FCM","Parsed",2799
"1254","ES799112",NA,"EXP13594",NA,"FCM","Parsed",2799
"1255","ES799113",NA,"EXP13594",NA,"FCM","Parsed",2799
"1256","ES799114",NA,"EXP13594",NA,"FCM","Parsed",2799
"1257","ES799115",NA,"EXP13594",NA,"FCM","Parsed",2799
"1258","ES799116",NA,"EXP13594",NA,"FCM","Parsed",2799
"1259","ES799117",NA,"EXP13594",NA,"FCM","Parsed",2799
"1260","ES799118",NA,"EXP13594",NA,"FCM","Parsed",2799
"1261","ES799119",NA,"EXP13594",NA,"FCM","Parsed",2799
"1262","ES799120",NA,"EXP13594",NA,"FCM","Parsed",2799
"1263","ES799121",NA,"EXP13594",NA,"FCM","Parsed",2799
"1264","ES799122",NA,"EXP13594",NA,"FCM","Parsed",2799
"1265","ES799123",NA,"EXP13594",NA,"FCM","Parsed",2799
"1266","ES799124",NA,"EXP13594",NA,"FCM","Parsed",2799
"1267","ES799125",NA,"EXP13594",NA,"FCM","Parsed",2799
"1268","ES799126",NA,"EXP13594",NA,"FCM","Parsed",2799
"1269","ES799127",NA,"EXP13594",NA,"FCM","Parsed",2799
"1270","ES799128",NA,"EXP13594",NA,"FCM","Parsed",2799
"1271","ES799129",NA,"EXP13594",NA,"FCM","Parsed",2799
"1272","ES799130",NA,"EXP13594",NA,"FCM","Parsed",2799
"1273","ES799131",NA,"EXP13594",NA,"FCM","Parsed",2799
"1274","ES799132",NA,"EXP13594",NA,"FCM","Parsed",2799
"1275","ES799133",NA,"EXP13594",NA,"FCM","Parsed",2799
"1276","ES799134",NA,"EXP13594",NA,"FCM","Parsed",2799
"1277","ES799135",NA,"EXP13594",NA,"FCM","Parsed",2799
"1278","ES799136",NA,"EXP13594",NA,"FCM","Parsed",2799
"1279","ES799137",NA,"EXP13594",NA,"FCM","Parsed",2799
"1280","ES799138",NA,"EXP13594",NA,"FCM","Parsed",2799
"1281","ES799139",NA,"EXP13594",NA,"FCM","Parsed",2799
"1282","ES799140",NA,"EXP13594",NA,"FCM","Parsed",2799
"1283","ES799141",NA,"EXP13594",NA,"FCM","Parsed",2799
"1284","ES799142",NA,"EXP13594",NA,"FCM","Parsed",2799
"1285","ES799143",NA,"EXP13594",NA,"FCM","Parsed",2799
"1286","ES799144",NA,"EXP13594",NA,"FCM","Parsed",2799
"1287","ES799145",NA,"EXP13594",NA,"FCM","Parsed",2799
"1288","ES799146",NA,"EXP13594",NA,"FCM","Parsed",2799
"1289","ES799147",NA,"EXP13594",NA,"FCM","Parsed",2799
"1290","ES799148",NA,"EXP13594",NA,"FCM","Parsed",2799
"1291","ES799149",NA,"EXP13594",NA,"FCM","Parsed",2799
"1292","ES799150",NA,"EXP13594",NA,"FCM","Parsed",2799
"1293","ES799151",NA,"EXP13594",NA,"FCM","Parsed",2799
"1294","ES799152",NA,"EXP13594",NA,"FCM","Parsed",2799
"1295","ES799153",NA,"EXP13594",NA,"FCM","Parsed",2799
"1296","ES799154",NA,"EXP13594",NA,"FCM","Parsed",2799
"1297","ES799155",NA,"EXP13594",NA,"FCM","Parsed",2799
"1298","ES799156",NA,"EXP13594",NA,"FCM","Parsed",2799
"1299","ES799157",NA,"EXP13594",NA,"FCM","Parsed",2799
"1300","ES799158",NA,"EXP13594",NA,"FCM","Parsed",2799
"1301","ES799159",NA,"EXP13594",NA,"FCM","Parsed",2799
"1302","ES799160",NA,"EXP13594",NA,"FCM","Parsed",2799
"1303","ES799161",NA,"EXP13594",NA,"FCM","Parsed",2799
"1304","ES799162",NA,"EXP13594",NA,"FCM","Parsed",2799
"1305","ES799163",NA,"EXP13594",NA,"FCM","Parsed",2799
"1306","ES799164",NA,"EXP13594",NA,"FCM","Parsed",2799
"1307","ES799165",NA,"EXP13594",NA,"FCM","Parsed",2799
"1308","ES799166",NA,"EXP13594",NA,"FCM","Parsed",2799
"1309","ES799167",NA,"EXP13594",NA,"FCM","Parsed",2799
"1310","ES799168",NA,"EXP13594",NA,"FCM","Parsed",2799
"1311","ES799169",NA,"EXP13594",NA,"FCM","Parsed",2799
"1312","ES799170",NA,"EXP13594",NA,"FCM","Parsed",2799
"1313","ES799171",NA,"EXP13594",NA,"FCM","Parsed",2799
"1314","ES799172",NA,"EXP13594",NA,"FCM","Parsed",2799
"1315","ES799173",NA,"EXP13594",NA,"FCM","Parsed",2799
"1316","ES799174",NA,"EXP13594",NA,"FCM","Parsed",2799
"1317","ES799175",NA,"EXP13594",NA,"FCM","Parsed",2799
"1318","ES799176",NA,"EXP13594",NA,"FCM","Parsed",2799
"1319","ES799177",NA,"EXP13594",NA,"FCM","Parsed",2799
"1320","ES799178",NA,"EXP13594",NA,"FCM","Parsed",2799
"1321","ES799179",NA,"EXP13594",NA,"FCM","Parsed",2799
"1322","ES799180",NA,"EXP13594",NA,"FCM","Parsed",2799
"1323","ES799181",NA,"EXP13594",NA,"FCM","Parsed",2799
"1324","ES799182",NA,"EXP13594",NA,"FCM","Parsed",2799
"1325","ES799183",NA,"EXP13594",NA,"FCM","Parsed",2799
"1326","ES799184",NA,"EXP13594",NA,"FCM","Parsed",2799
"1327","ES799185",NA,"EXP13594",NA,"FCM","Parsed",2799
"1328","ES799186",NA,"EXP13594",NA,"FCM","Parsed",2799
"1329","ES799187",NA,"EXP13594",NA,"FCM","Parsed",2799
"1330","ES799188",NA,"EXP13594",NA,"FCM","Parsed",2799
"1331","ES799189",NA,"EXP13594",NA,"FCM","Parsed",2799
"1332","ES799190",NA,"EXP13594",NA,"FCM","Parsed",2799
"1333","ES799191",NA,"EXP13594",NA,"FCM","Parsed",2799
"1334","ES799192",NA,"EXP13594",NA,"FCM","Parsed",2799
"1335","ES799193",NA,"EXP13594",NA,"FCM","Parsed",2799
"1336","ES799194",NA,"EXP13594",NA,"FCM","Parsed",2799
"1337","ES799195",NA,"EXP13594",NA,"FCM","Parsed",2799
"1338","ES799196",NA,"EXP13594",NA,"FCM","Parsed",2799
"1339","ES799197",NA,"EXP13594",NA,"FCM","Parsed",2799
"1340","ES799198",NA,"EXP13594",NA,"FCM","Parsed",2799
"1341","ES799199",NA,"EXP13594",NA,"FCM","Parsed",2799
"1342","ES799200",NA,"EXP13594",NA,"FCM","Parsed",2799
"1343","ES799201",NA,"EXP13594",NA,"FCM","Parsed",2799
"1344","ES799202",NA,"EXP13594",NA,"FCM","Parsed",2799
"1345","ES799203",NA,"EXP13594",NA,"FCM","Parsed",2799
"1346","ES799204",NA,"EXP13594",NA,"FCM","Parsed",2799
"1347","ES799205",NA,"EXP13594",NA,"FCM","Parsed",2799
"1348","ES799206",NA,"EXP13594",NA,"FCM","Parsed",2799
"1349","ES799207",NA,"EXP13594",NA,"FCM","Parsed",2799
"1350","ES799208",NA,"EXP13594",NA,"FCM","Parsed",2799
"1351","ES799209",NA,"EXP13594",NA,"FCM","Parsed",2799
"1352","ES799210",NA,"EXP13594",NA,"FCM","Parsed",2799
"1353","ES799211",NA,"EXP13594",NA,"FCM","Parsed",2799
"1354","ES799212",NA,"EXP13594",NA,"FCM","Parsed",2799
"1355","ES799213",NA,"EXP13594",NA,"FCM","Parsed",2799
"1356","ES799214",NA,"EXP13594",NA,"FCM","Parsed",2799
"1357","ES799215",NA,"EXP13594",NA,"FCM","Parsed",2799
"1358","ES799216",NA,"EXP13594",NA,"FCM","Parsed",2799
"1359","ES799217",NA,"EXP13594",NA,"FCM","Parsed",2799
"1360","ES799218",NA,"EXP13594",NA,"FCM","Parsed",2799
"1361","ES799219",NA,"EXP13594",NA,"FCM","Parsed",2799
"1362","ES799220",NA,"EXP13594",NA,"FCM","Parsed",2799
"1363","ES799221",NA,"EXP13594",NA,"FCM","Parsed",2799
"1364","ES799222",NA,"EXP13594",NA,"FCM","Parsed",2799
"1365","ES799223",NA,"EXP13594",NA,"FCM","Parsed",2799
"1366","ES799224",NA,"EXP13594",NA,"FCM","Parsed",2799
"1367","ES799225",NA,"EXP13594",NA,"FCM","Parsed",2799
"1368","ES799226",NA,"EXP13594",NA,"FCM","Parsed",2799
"1369","ES799227",NA,"EXP13594",NA,"FCM","Parsed",2799
"1370","ES799228",NA,"EXP13594",NA,"FCM","Parsed",2799
"1371","ES799229",NA,"EXP13594",NA,"FCM","Parsed",2799
"1372","ES799230",NA,"EXP13594",NA,"FCM","Parsed",2799
"1373","ES799231",NA,"EXP13594",NA,"FCM","Parsed",2799
"1374","ES799232",NA,"EXP13594",NA,"FCM","Parsed",2799
"1375","ES799233",NA,"EXP13594",NA,"FCM","Parsed",2799
"1376","ES799234",NA,"EXP13594",NA,"FCM","Parsed",2799
"1377","ES799235",NA,"EXP13594",NA,"FCM","Parsed",2799
"1378","ES799236",NA,"EXP13594",NA,"FCM","Parsed",2799
"1379","ES799237",NA,"EXP13594",NA,"FCM","Parsed",2799
"1380","ES799238",NA,"EXP13594",NA,"FCM","Parsed",2799
"1381","ES799239",NA,"EXP13594",NA,"FCM","Parsed",2799
"1382","ES799240",NA,"EXP13594",NA,"FCM","Parsed",2799
"1383","ES799241",NA,"EXP13594",NA,"FCM","Parsed",2799
"1384","ES799242",NA,"EXP13594",NA,"FCM","Parsed",2799
"1385","ES799243",NA,"EXP13594",NA,"FCM","Parsed",2799
"1386","ES799244",NA,"EXP13594",NA,"FCM","Parsed",2799
"1387","ES799245",NA,"EXP13594",NA,"FCM","Parsed",2799
"1388","ES799246",NA,"EXP13594",NA,"FCM","Parsed",2799
"1389","ES799247",NA,"EXP13594",NA,"FCM","Parsed",2799
"1390","ES799248",NA,"EXP13594",NA,"FCM","Parsed",2799
"1391","ES799249",NA,"EXP13594",NA,"FCM","Parsed",2799
"1392","ES799250",NA,"EXP13594",NA,"FCM","Parsed",2799
"1393","ES799251",NA,"EXP13594",NA,"FCM","Parsed",2799
"1394","ES799252",NA,"EXP13594",NA,"FCM","Parsed",2799
"1395","ES799253",NA,"EXP13594",NA,"FCM","Parsed",2799
"1396","ES799254",NA,"EXP13594",NA,"FCM","Parsed",2799
"1397","ES799255",NA,"EXP13594",NA,"FCM","Parsed",2799
"1398","ES799256",NA,"EXP13594",NA,"FCM","Parsed",2799
"1399","ES799257",NA,"EXP13594",NA,"FCM","Parsed",2799
"1400","ES799258",NA,"EXP13594",NA,"FCM","Parsed",2799
"1401","ES799259",NA,"EXP13594",NA,"FCM","Parsed",2799
"1402","ES799260",NA,"EXP13594",NA,"FCM","Parsed",2799
"1403","ES799261",NA,"EXP13594",NA,"FCM","Parsed",2799
"1404","ES799262",NA,"EXP13594",NA,"FCM","Parsed",2799
"1405","ES799263",NA,"EXP13594",NA,"FCM","Parsed",2799
"1406","ES799264",NA,"EXP13594",NA,"FCM","Parsed",2799
"1407","ES799265",NA,"EXP13594",NA,"FCM","Parsed",2799
"1408","ES799266",NA,"EXP13594",NA,"FCM","Parsed",2799
"1409","ES799267",NA,"EXP13594",NA,"FCM","Parsed",2799
"1410","ES799268",NA,"EXP13594",NA,"FCM","Parsed",2799
"1411","ES799269",NA,"EXP13594",NA,"FCM","Parsed",2799
"1412","ES799270",NA,"EXP13594",NA,"FCM","Parsed",2799
"1413","ES799271",NA,"EXP13594",NA,"FCM","Parsed",2799
"1414","ES799272",NA,"EXP13594",NA,"FCM","Parsed",2799
"1415","ES799273",NA,"EXP13594",NA,"FCM","Parsed",2799
"1416","ES799274",NA,"EXP13594",NA,"FCM","Parsed",2799
"1417","ES799275",NA,"EXP13594",NA,"FCM","Parsed",2799
"1418","ES799276",NA,"EXP13594",NA,"FCM","Parsed",2799
"1419","ES799277",NA,"EXP13594",NA,"FCM","Parsed",2799
"1420","ES799278",NA,"EXP13594",NA,"FCM","Parsed",2799
"1421","ES799279",NA,"EXP13594",NA,"FCM","Parsed",2799
"1422","ES799280",NA,"EXP13594",NA,"FCM","Parsed",2799
"1423","ES799281",NA,"EXP13594",NA,"FCM","Parsed",2799
"1424","ES799282",NA,"EXP13594",NA,"FCM","Parsed",2799
"1425","ES799283",NA,"EXP13594",NA,"FCM","Parsed",2799
"1426","ES799284",NA,"EXP13594",NA,"FCM","Parsed",2799
"1427","ES799285",NA,"EXP13594",NA,"FCM","Parsed",2799
"1428","ES799286",NA,"EXP13594",NA,"FCM","Parsed",2799
"1429","ES799287",NA,"EXP13594",NA,"FCM","Parsed",2799
"1430","ES799288",NA,"EXP13594",NA,"FCM","Parsed",2799
"1431","ES799289",NA,"EXP13594",NA,"FCM","Parsed",2799
"1432","ES799290",NA,"EXP13594",NA,"FCM","Parsed",2799
"1433","ES799291",NA,"EXP13594",NA,"FCM","Parsed",2799
"1434","ES799292",NA,"EXP13594",NA,"FCM","Parsed",2799
"1435","ES799293",NA,"EXP13594",NA,"FCM","Parsed",2799
"1436","ES799294",NA,"EXP13594",NA,"FCM","Parsed",2799
"1437","ES799295",NA,"EXP13594",NA,"FCM","Parsed",2799
"1438","ES799296",NA,"EXP13594",NA,"FCM","Parsed",2799
"1439","ES799297",NA,"EXP13594",NA,"FCM","Parsed",2799
"1440","ES799298",NA,"EXP13594",NA,"FCM","Parsed",2799
"1441","ES799299",NA,"EXP13594",NA,"FCM","Parsed",2799
"1442","ES799300",NA,"EXP13594",NA,"FCM","Parsed",2799
"1443","ES799301",NA,"EXP13594",NA,"FCM","Parsed",2799
"1444","ES823339",NA,"EXP13885",NA,"PUBLIC REPOSITORY","Parsed",2799
"1445","ES823340",NA,"EXP13885",NA,"PUBLIC REPOSITORY","Parsed",2799
"1446","ES823341",NA,"EXP13885",NA,"PUBLIC REPOSITORY","Parsed",2799
"1447","ES823342",NA,"EXP13885",NA,"PUBLIC REPOSITORY","Parsed",2799
"1448","ES823343",NA,"EXP13885",NA,"PUBLIC REPOSITORY","Parsed",2799
"1449","ES823344",NA,"EXP13885",NA,"PUBLIC REPOSITORY","Parsed",2799
"1450","ES823345",NA,"EXP13885",NA,"PUBLIC REPOSITORY","Parsed",2799
"1451","ES823346",NA,"EXP13885",NA,"PUBLIC REPOSITORY","Parsed",2799
"1452","ES823347",NA,"EXP13885",NA,"PUBLIC REPOSITORY","Parsed",2799
"1453","ES823348",NA,"EXP13885",NA,"PUBLIC REPOSITORY","Parsed",2799
"1454","ES823349",NA,"EXP13885",NA,"PUBLIC REPOSITORY","Parsed",2799
"1455","ES823350",NA,"EXP13885",NA,"PUBLIC REPOSITORY","Parsed",2799
"1456","ES823351",NA,"EXP13885",NA,"PUBLIC REPOSITORY","Parsed",2799
"1457","ES823352",NA,"EXP13885",NA,"PUBLIC REPOSITORY","Parsed",2799
"1458","ES823353",NA,"EXP13885",NA,"PUBLIC REPOSITORY","Parsed",2799
"1459","ES823354",NA,"EXP13885",NA,"PUBLIC REPOSITORY","Parsed",2799
"1460","ES823355",NA,"EXP13885",NA,"PUBLIC REPOSITORY","Parsed",2799
"1461","ES823356",NA,"EXP13885",NA,"PUBLIC REPOSITORY","Parsed",2799
"1462","ES823357",NA,"EXP13885",NA,"PUBLIC REPOSITORY","Parsed",2799
"1463","ES823358",NA,"EXP13885",NA,"PUBLIC REPOSITORY","Parsed",2799
"1464","ES823359",NA,"EXP13885",NA,"PUBLIC REPOSITORY","Parsed",2799
"1465","ES823360",NA,"EXP13885",NA,"PUBLIC REPOSITORY","Parsed",2799
"1466","ES823361",NA,"EXP13885",NA,"PUBLIC REPOSITORY","Parsed",2799
"1467","ES823362",NA,"EXP13885",NA,"PUBLIC REPOSITORY","Parsed",2799
"1468","ES823363",NA,"EXP13885",NA,"PUBLIC REPOSITORY","Parsed",2799
"1469","ES823364",NA,"EXP13885",NA,"PUBLIC REPOSITORY","Parsed",2799
"1470","ES823365",NA,"EXP13885",NA,"PUBLIC REPOSITORY","Parsed",2799
"1471","ES823366",NA,"EXP13885",NA,"PUBLIC REPOSITORY","Parsed",2799
"1472","ES823367",NA,"EXP13885",NA,"PUBLIC REPOSITORY","Parsed",2799
"1473","ES823368",NA,"EXP13885",NA,"PUBLIC REPOSITORY","Parsed",2799
"1474","ES823369",NA,"EXP13885",NA,"PUBLIC REPOSITORY","Parsed",2799
"1475","ES823370",NA,"EXP13885",NA,"PUBLIC REPOSITORY","Parsed",2799
"1476","ES823371",NA,"EXP13885",NA,"PUBLIC REPOSITORY","Parsed",2799
"1477","ES823372",NA,"EXP13885",NA,"PUBLIC REPOSITORY","Parsed",2799
"1478","ES823373",NA,"EXP13885",NA,"PUBLIC REPOSITORY","Parsed",2799
"1479","ES823374",NA,"EXP13885",NA,"PUBLIC REPOSITORY","Parsed",2799
"1480","ES823375",NA,"EXP13885",NA,"PUBLIC REPOSITORY","Parsed",2799
"1481","ES823376",NA,"EXP13885",NA,"PUBLIC REPOSITORY","Parsed",2799
